tripStartTime,tripDuration
2020-03-01 00:01:09,366
2020-03-01 00:01:11,367
2020-03-01 00:01:50,120
2020-03-01 00:01:57,646
2020-03-01 00:02:04,424
2020-03-01 00:02:12,1459
2020-03-01 00:02:44,564
2020-03-01 00:03:23,962
2020-03-01 00:03:29,362
2020-03-01 00:03:55,1349
2020-03-01 00:04:16,393
2020-03-01 00:05:14,756
2020-03-01 00:05:15,423
2020-03-01 00:06:18,89
2020-03-01 00:07:14,563
2020-03-01 00:08:02,587
2020-03-01 00:08:30,127
2020-03-01 00:08:57,434
2020-03-01 00:09:01,606
2020-03-01 00:09:15,785
2020-03-01 00:10:08,101
2020-03-01 00:11:06,307
2020-03-01 00:12:25,664
2020-03-01 00:12:26,745
2020-03-01 00:12:28,426
2020-03-01 00:13:51,756
2020-03-01 00:13:59,109
2020-03-01 00:14:22,367
2020-03-01 00:14:37,1343
2020-03-01 00:16:28,924
2020-03-01 00:16:49,705
2020-03-01 00:17:50,495
2020-03-01 00:22:04,654
2020-03-01 00:22:17,301
2020-03-01 00:22:49,234
2020-03-01 00:24:31,162
2020-03-01 00:29:22,336
2020-03-01 00:29:29,221
2020-03-01 00:29:33,300
2020-03-01 00:41:13,203
2020-03-01 00:41:35,482
2020-03-01 00:46:40,313
2020-03-01 00:51:36,385
2020-03-01 00:52:53,517
2020-03-01 00:52:58,462
2020-03-01 00:53:16,723
2020-03-01 00:53:40,680
2020-03-01 00:56:14,212
2020-03-01 00:58:14,269
2020-03-01 00:59:46,389
2020-03-01 01:01:32,603
2020-03-01 01:02:12,286
2020-03-01 01:04:49,124
2020-03-01 01:05:07,1474
2020-03-01 01:05:56,629
2020-03-01 01:06:56,1477
2020-03-01 01:07:16,1114
2020-03-01 01:11:51,352
2020-03-01 01:14:24,757
2020-03-01 01:17:37,350
2020-03-01 01:18:32,618
2020-03-01 01:19:20,309
2020-03-01 01:20:15,567
2020-03-01 01:20:20,551
2020-03-01 01:22:40,862
2020-03-01 01:22:54,305
2020-03-01 01:23:57,577
2020-03-01 01:24:51,821
2020-03-01 01:27:22,504
2020-03-01 01:28:03,3286
2020-03-01 01:37:23,558
2020-03-01 01:38:58,675
2020-03-01 01:40:11,545
2020-03-01 01:42:42,813
2020-03-01 01:44:11,351
2020-03-01 01:49:41,580
2020-03-01 01:51:57,70
2020-03-01 01:52:54,198
2020-03-01 01:54:17,1644
2020-03-01 01:59:50,186
2020-03-01 02:00:35,1016
2020-03-01 02:01:22,833
2020-03-01 02:01:29,862
2020-03-01 02:04:58,393
2020-03-01 02:05:08,1672
2020-03-01 02:05:12,808
2020-03-01 02:06:21,662
2020-03-01 02:06:24,784
2020-03-01 02:06:47,2492
2020-03-01 02:07:25,615
2020-03-01 02:08:11,643
2020-03-01 02:09:48,463
2020-03-01 02:10:36,178
2020-03-01 02:11:57,1377
2020-03-01 02:12:46,375
2020-03-01 02:15:20,445
2020-03-01 02:21:00,2354
2020-03-01 02:21:52,2307
2020-03-01 02:25:18,448
2020-03-01 02:27:56,924
2020-03-01 02:31:58,2377
2020-03-01 02:32:49,487
2020-03-01 02:38:38,690
2020-03-01 02:39:31,350
2020-03-01 02:43:02,498
2020-03-01 02:45:21,820
2020-03-01 02:52:52,1502
2020-03-01 02:55:41,1136
2020-03-01 03:04:47,683
2020-03-01 03:08:51,398
2020-03-01 03:17:41,39599
2020-03-01 03:25:46,1360
2020-03-01 03:28:28,474
2020-03-01 03:32:20,362
2020-03-01 03:36:10,968
2020-03-01 03:44:53,2646
2020-03-01 04:19:14,947
2020-03-01 04:38:53,127
2020-03-01 04:50:43,473
2020-03-01 04:54:45,494
2020-03-01 05:21:15,1462
2020-03-01 05:21:43,1416
2020-03-01 05:22:28,1384
2020-03-01 05:22:39,321
2020-03-01 05:53:17,184
2020-03-01 05:55:43,289
2020-03-01 06:16:45,406
2020-03-01 06:21:04,661
2020-03-01 06:23:18,1077
2020-03-01 06:25:12,752
2020-03-01 06:28:24,628
2020-03-01 06:31:27,420
2020-03-01 06:36:20,179
2020-03-01 06:39:59,520
2020-03-01 06:46:12,454
2020-03-01 06:47:07,1119
2020-03-01 06:50:47,94
2020-03-01 06:51:39,176
2020-03-01 06:56:53,1298
2020-03-01 06:58:00,134
2020-03-01 06:58:56,324
2020-03-01 07:01:09,736
2020-03-01 07:02:55,272
2020-03-01 07:03:33,1269
2020-03-01 07:06:44,456
2020-03-01 07:15:14,881
2020-03-01 07:28:31,1448
2020-03-01 07:28:48,283
2020-03-01 07:33:19,514
2020-03-01 07:34:50,797
2020-03-01 07:38:59,1770
2020-03-01 07:40:38,421
2020-03-01 07:42:21,772
2020-03-01 07:43:23,404
2020-03-01 07:44:10,355
2020-03-01 07:44:48,367
2020-03-01 07:45:15,520
2020-03-01 07:45:19,485
2020-03-01 07:49:50,439
2020-03-01 07:51:04,617
2020-03-01 07:54:40,1017
2020-03-01 08:00:48,983
2020-03-01 08:00:59,344
2020-03-01 08:02:20,464
2020-03-01 08:06:28,1077
2020-03-01 08:07:26,1569
2020-03-01 08:07:43,415
2020-03-01 08:08:56,800
2020-03-01 08:09:26,274
2020-03-01 08:13:07,350
2020-03-01 08:15:44,370
2020-03-01 08:15:52,270
2020-03-01 08:16:19,303
2020-03-01 08:19:28,604
2020-03-01 08:20:07,260
2020-03-01 08:21:26,302
2020-03-01 08:21:41,252
2020-03-01 08:21:51,336
2020-03-01 08:23:10,199
2020-03-01 08:23:16,172
2020-03-01 08:24:54,509
2020-03-01 08:25:07,478
2020-03-01 08:25:29,291
2020-03-01 08:26:16,296
2020-03-01 08:27:38,357
2020-03-01 08:28:07,580
2020-03-01 08:29:08,1613
2020-03-01 08:29:39,1594
2020-03-01 08:29:56,229
2020-03-01 08:29:59,629
2020-03-01 08:31:16,404
2020-03-01 08:32:25,724
2020-03-01 08:33:50,232
2020-03-01 08:33:50,303
2020-03-01 08:34:00,152
2020-03-01 08:35:34,584
2020-03-01 08:37:00,287
2020-03-01 08:38:04,718
2020-03-01 08:39:45,485
2020-03-01 08:40:12,1246
2020-03-01 08:41:04,675
2020-03-01 08:42:00,220
2020-03-01 08:42:33,275
2020-03-01 08:42:49,660
2020-03-01 08:43:55,250
2020-03-01 08:44:00,264
2020-03-01 08:44:58,327
2020-03-01 08:45:27,503
2020-03-01 08:46:47,706
2020-03-01 08:46:54,353
2020-03-01 08:47:25,386
2020-03-01 08:49:33,290
2020-03-01 08:52:45,2101
2020-03-01 08:53:01,457
2020-03-01 08:54:20,509
2020-03-01 08:54:27,276
2020-03-01 08:54:27,640
2020-03-01 08:54:29,582
2020-03-01 08:54:31,1134
2020-03-01 08:55:24,132
2020-03-01 08:55:39,1253
2020-03-01 08:55:48,1382
2020-03-01 08:57:10,1307
2020-03-01 08:58:51,488
2020-03-01 08:58:54,434
2020-03-01 08:59:41,620
2020-03-01 08:59:55,298
2020-03-01 09:00:20,161
2020-03-01 09:00:20,326
2020-03-01 09:00:39,292
2020-03-01 09:01:04,722
2020-03-01 09:01:22,322
2020-03-01 09:02:38,280
2020-03-01 09:03:41,337
2020-03-01 09:04:42,806
2020-03-01 09:05:28,474
2020-03-01 09:06:11,1249
2020-03-01 09:06:27,1109
2020-03-01 09:07:19,468
2020-03-01 09:07:30,267
2020-03-01 09:07:37,408
2020-03-01 09:07:46,394
2020-03-01 09:07:49,414
2020-03-01 09:08:42,272
2020-03-01 09:08:57,212
2020-03-01 09:09:34,498
2020-03-01 09:09:47,702
2020-03-01 09:10:04,799
2020-03-01 09:10:09,695
2020-03-01 09:10:19,247
2020-03-01 09:10:37,478
2020-03-01 09:11:11,316
2020-03-01 09:12:21,657
2020-03-01 09:13:42,591
2020-03-01 09:13:46,780
2020-03-01 09:13:47,408
2020-03-01 09:14:16,2039
2020-03-01 09:15:04,398
2020-03-01 09:15:12,729
2020-03-01 09:15:13,662
2020-03-01 09:15:26,344
2020-03-01 09:15:58,1373
2020-03-01 09:16:38,542
2020-03-01 09:16:53,660
2020-03-01 09:17:38,1096
2020-03-01 09:18:12,380
2020-03-01 09:18:36,634
2020-03-01 09:18:36,658
2020-03-01 09:19:06,346
2020-03-01 09:19:14,270
2020-03-01 09:19:48,568
2020-03-01 09:20:08,494
2020-03-01 09:20:45,392
2020-03-01 09:21:16,233
2020-03-01 09:21:49,219
2020-03-01 09:22:02,729
2020-03-01 09:22:35,550
2020-03-01 09:23:56,511
2020-03-01 09:24:23,581
2020-03-01 09:25:32,399
2020-03-01 09:25:38,753
2020-03-01 09:26:02,580
2020-03-01 09:26:23,1066
2020-03-01 09:27:06,686
2020-03-01 09:27:45,518
2020-03-01 09:28:30,724
2020-03-01 09:28:37,545
2020-03-01 09:29:00,1358
2020-03-01 09:29:13,628
2020-03-01 09:29:42,498
2020-03-01 09:29:57,593
2020-03-01 09:30:06,541
2020-03-01 09:30:21,1561
2020-03-01 09:30:33,1549
2020-03-01 09:30:45,1326
2020-03-01 09:31:30,1135
2020-03-01 09:32:51,1973
2020-03-01 09:33:40,146
2020-03-01 09:34:02,909
2020-03-01 09:34:07,378
2020-03-01 09:34:30,708
2020-03-01 09:34:34,202
2020-03-01 09:34:42,617
2020-03-01 09:35:31,358
2020-03-01 09:35:55,252
2020-03-01 09:37:41,453
2020-03-01 09:37:56,601
2020-03-01 09:39:00,158
2020-03-01 09:39:02,1041
2020-03-01 09:39:26,765
2020-03-01 09:39:42,2634
2020-03-01 09:39:52,418
2020-03-01 09:40:10,365
2020-03-01 09:40:11,371
2020-03-01 09:40:19,2594
2020-03-01 09:41:12,319
2020-03-01 09:43:26,641
2020-03-01 09:43:27,616
2020-03-01 09:46:20,416
2020-03-01 09:46:32,412
2020-03-01 09:46:51,696
2020-03-01 09:46:55,556
2020-03-01 09:47:12,434
2020-03-01 09:47:17,435
2020-03-01 09:47:22,851
2020-03-01 09:48:07,1572
2020-03-01 09:48:11,478
2020-03-01 09:48:27,2071
2020-03-01 09:48:33,364
2020-03-01 09:48:36,1756
2020-03-01 09:49:06,467
2020-03-01 09:49:29,395
2020-03-01 09:49:30,762
2020-03-01 09:50:08,287
2020-03-01 09:50:27,1221
2020-03-01 09:50:35,250
2020-03-01 09:50:44,718
2020-03-01 09:51:09,236
2020-03-01 09:51:20,616
2020-03-01 09:51:35,225
2020-03-01 09:52:30,269
2020-03-01 09:52:58,204
2020-03-01 09:52:58,346
2020-03-01 09:53:00,221
2020-03-01 09:53:25,292
2020-03-01 09:53:35,797
2020-03-01 09:53:37,372
2020-03-01 09:55:15,1220
2020-03-01 09:55:33,522
2020-03-01 09:56:45,2322
2020-03-01 09:57:21,1009
2020-03-01 09:57:49,776
2020-03-01 09:58:05,305
2020-03-01 09:58:14,191
2020-03-01 09:58:20,266
2020-03-01 09:58:24,249
2020-03-01 09:58:30,2204
2020-03-01 09:58:31,854
2020-03-01 09:59:39,714
2020-03-01 10:01:29,2450
2020-03-01 10:01:59,550
2020-03-01 10:02:02,638
2020-03-01 10:03:04,704
2020-03-01 10:03:51,890
2020-03-01 10:04:17,776
2020-03-01 10:05:02,869
2020-03-01 10:05:11,604
2020-03-01 10:05:26,498
2020-03-01 10:08:09,214
2020-03-01 10:08:27,2261
2020-03-01 10:08:49,581
2020-03-01 10:09:47,296
2020-03-01 10:11:04,1012
2020-03-01 10:11:43,603
2020-03-01 10:11:52,200
2020-03-01 10:12:43,724
2020-03-01 10:12:47,267
2020-03-01 10:13:19,644
2020-03-01 10:13:36,336
2020-03-01 10:14:01,568
2020-03-01 10:14:53,1255
2020-03-01 10:15:45,228
2020-03-01 10:16:05,403
2020-03-01 10:16:14,1427
2020-03-01 10:16:34,1140
2020-03-01 10:17:14,1544
2020-03-01 10:18:21,341
2020-03-01 10:18:31,994
2020-03-01 10:19:00,995
2020-03-01 10:19:11,778
2020-03-01 10:19:19,1015
2020-03-01 10:20:22,2843
2020-03-01 10:20:23,514
2020-03-01 10:20:35,354
2020-03-01 10:20:47,735
2020-03-01 10:21:22,931
2020-03-01 10:21:53,667
2020-03-01 10:21:56,841
2020-03-01 10:21:57,467
2020-03-01 10:22:08,187
2020-03-01 10:22:28,147
2020-03-01 10:23:27,707
2020-03-01 10:23:56,566
2020-03-01 10:24:03,484
2020-03-01 10:24:16,390
2020-03-01 10:24:29,267
2020-03-01 10:24:37,168
2020-03-01 10:24:39,409
2020-03-01 10:25:02,677
2020-03-01 10:25:19,389
2020-03-01 10:25:22,738
2020-03-01 10:25:29,4290
2020-03-01 10:25:30,2013
2020-03-01 10:25:34,4287
2020-03-01 10:25:55,324
2020-03-01 10:25:58,167
2020-03-01 10:26:10,297
2020-03-01 10:26:14,1299
2020-03-01 10:26:39,1667
2020-03-01 10:26:51,252
2020-03-01 10:26:52,659
2020-03-01 10:27:08,490
2020-03-01 10:27:38,523
2020-03-01 10:27:43,20694
2020-03-01 10:28:02,585
2020-03-01 10:29:40,368
2020-03-01 10:29:40,90
2020-03-01 10:29:41,365
2020-03-01 10:30:01,368
2020-03-01 10:30:25,655
2020-03-01 10:31:13,459
2020-03-01 10:31:25,659
2020-03-01 10:31:28,1056
2020-03-01 10:31:47,898
2020-03-01 10:32:01,1422
2020-03-01 10:32:05,817
2020-03-01 10:32:05,283
2020-03-01 10:32:06,1051
2020-03-01 10:32:19,986
2020-03-01 10:32:42,352
2020-03-01 10:32:56,714
2020-03-01 10:33:00,1279
2020-03-01 10:33:07,72
2020-03-01 10:33:34,146
2020-03-01 10:33:42,2254
2020-03-01 10:34:19,105
2020-03-01 10:34:28,651
2020-03-01 10:34:33,330
2020-03-01 10:34:38,241
2020-03-01 10:35:09,298
2020-03-01 10:35:24,373
2020-03-01 10:35:28,226
2020-03-01 10:35:30,1305
2020-03-01 10:35:49,397
2020-03-01 10:36:01,72
2020-03-01 10:37:23,325
2020-03-01 10:37:55,377
2020-03-01 10:37:55,884
2020-03-01 10:38:12,517
2020-03-01 10:38:37,839
2020-03-01 10:39:08,83
2020-03-01 10:39:21,306
2020-03-01 10:39:58,226
2020-03-01 10:40:00,365
2020-03-01 10:40:59,161
2020-03-01 10:41:16,758
2020-03-01 10:41:53,354
2020-03-01 10:42:08,474
2020-03-01 10:42:32,914
2020-03-01 10:42:35,487
2020-03-01 10:42:39,511
2020-03-01 10:42:41,297
2020-03-01 10:42:45,1060
2020-03-01 10:42:50,1225
2020-03-01 10:42:53,677
2020-03-01 10:42:57,95
2020-03-01 10:42:58,670
2020-03-01 10:42:59,1636
2020-03-01 10:43:32,296
2020-03-01 10:43:33,620
2020-03-01 10:44:32,648
2020-03-01 10:44:39,601
2020-03-01 10:44:48,720
2020-03-01 10:44:55,855
2020-03-01 10:45:33,350
2020-03-01 10:46:40,184
2020-03-01 10:47:20,1161
2020-03-01 10:47:45,371
2020-03-01 10:47:46,250
2020-03-01 10:48:34,771
2020-03-01 10:48:46,451
2020-03-01 10:49:14,2714
2020-03-01 10:49:14,280
2020-03-01 10:49:27,81
2020-03-01 10:49:27,405
2020-03-01 10:49:31,944
2020-03-01 10:50:22,771
2020-03-01 10:50:45,702
2020-03-01 10:51:40,296
2020-03-01 10:51:42,160
2020-03-01 10:52:10,471
2020-03-01 10:52:38,303
2020-03-01 10:52:41,629
2020-03-01 10:53:20,321
2020-03-01 10:53:27,240
2020-03-01 10:53:29,385
2020-03-01 10:54:01,254
2020-03-01 10:54:07,3774
2020-03-01 10:54:33,1010
2020-03-01 10:54:41,392
2020-03-01 10:55:03,1214
2020-03-01 10:55:08,274
2020-03-01 10:55:46,303
2020-03-01 10:55:57,319
2020-03-01 10:56:00,288
2020-03-01 10:56:22,150
2020-03-01 10:56:50,624
2020-03-01 10:56:57,346
2020-03-01 10:56:59,764
2020-03-01 10:57:02,534
2020-03-01 10:57:14,439
2020-03-01 10:57:21,376
2020-03-01 10:57:28,488
2020-03-01 10:57:46,3567
2020-03-01 10:58:18,341
2020-03-01 10:58:23,121
2020-03-01 10:58:54,319
2020-03-01 10:59:03,135
2020-03-01 10:59:12,398
2020-03-01 10:59:12,437
2020-03-01 10:59:41,668
2020-03-01 10:59:51,978
2020-03-01 10:59:58,340
2020-03-01 11:00:39,516
2020-03-01 11:01:14,658
2020-03-01 11:01:33,541
2020-03-01 11:01:35,365
2020-03-01 11:01:40,650
2020-03-01 11:02:05,306
2020-03-01 11:02:59,408
2020-03-01 11:03:14,683
2020-03-01 11:03:23,322
2020-03-01 11:03:36,109
2020-03-01 11:04:06,428
2020-03-01 11:05:32,1280
2020-03-01 11:06:06,228
2020-03-01 11:06:24,382
2020-03-01 11:06:35,409
2020-03-01 11:07:25,835
2020-03-01 11:07:26,891
2020-03-01 11:07:26,336
2020-03-01 11:07:30,368
2020-03-01 11:07:36,435
2020-03-01 11:07:40,1435
2020-03-01 11:07:59,364
2020-03-01 11:08:11,265
2020-03-01 11:08:13,988
2020-03-01 11:08:14,1391
2020-03-01 11:08:19,118
2020-03-01 11:08:19,286
2020-03-01 11:08:41,777
2020-03-01 11:08:42,402
2020-03-01 11:09:12,365
2020-03-01 11:09:28,627
2020-03-01 11:09:36,904
2020-03-01 11:09:48,2401
2020-03-01 11:09:54,1481
2020-03-01 11:09:58,2394
2020-03-01 11:10:05,1657
2020-03-01 11:10:30,469
2020-03-01 11:10:46,654
2020-03-01 11:10:50,118
2020-03-01 11:11:31,1056
2020-03-01 11:11:55,487
2020-03-01 11:12:38,273
2020-03-01 11:13:05,381
2020-03-01 11:13:08,389
2020-03-01 11:13:18,827
2020-03-01 11:13:46,1183
2020-03-01 11:14:02,1610
2020-03-01 11:14:21,512
2020-03-01 11:14:22,857
2020-03-01 11:14:27,518
2020-03-01 11:14:31,216
2020-03-01 11:14:32,115
2020-03-01 11:15:44,852
2020-03-01 11:15:59,755
2020-03-01 11:16:26,231
2020-03-01 11:16:48,2406
2020-03-01 11:16:48,158
2020-03-01 11:16:58,460
2020-03-01 11:17:07,733
2020-03-01 11:18:24,286
2020-03-01 11:19:03,375
2020-03-01 11:19:30,125
2020-03-01 11:19:56,117
2020-03-01 11:20:02,171
2020-03-01 11:20:38,364
2020-03-01 11:20:53,677
2020-03-01 11:20:57,1747
2020-03-01 11:20:59,526
2020-03-01 11:21:00,1737
2020-03-01 11:21:03,456
2020-03-01 11:21:38,604
2020-03-01 11:22:43,358
2020-03-01 11:22:44,891
2020-03-01 11:22:54,240
2020-03-01 11:23:00,750
2020-03-01 11:23:07,630
2020-03-01 11:23:14,1144
2020-03-01 11:23:18,2300
2020-03-01 11:23:49,669
2020-03-01 11:23:53,553
2020-03-01 11:24:13,873
2020-03-01 11:24:18,1036
2020-03-01 11:24:30,222
2020-03-01 11:24:31,1260
2020-03-01 11:24:54,531
2020-03-01 11:25:38,583
2020-03-01 11:25:41,561
2020-03-01 11:26:04,1135
2020-03-01 11:26:19,482
2020-03-01 11:26:36,541
2020-03-01 11:26:41,452
2020-03-01 11:26:47,692
2020-03-01 11:26:49,272
2020-03-01 11:27:01,412
2020-03-01 11:27:28,419
2020-03-01 11:27:28,194
2020-03-01 11:27:49,336
2020-03-01 11:27:57,1910
2020-03-01 11:28:21,1256
2020-03-01 11:28:23,303
2020-03-01 11:28:26,1251
2020-03-01 11:29:32,2093
2020-03-01 11:30:04,1248
2020-03-01 11:30:24,217
2020-03-01 11:30:38,532
2020-03-01 11:30:44,1753
2020-03-01 11:30:46,317
2020-03-01 11:30:49,780
2020-03-01 11:30:56,917
2020-03-01 11:31:02,1748
2020-03-01 11:31:29,561
2020-03-01 11:32:39,783
2020-03-01 11:32:58,767
2020-03-01 11:33:03,984
2020-03-01 11:33:14,646
2020-03-01 11:33:16,452
2020-03-01 11:34:07,198
2020-03-01 11:35:16,554
2020-03-01 11:35:59,748
2020-03-01 11:36:16,1052
2020-03-01 11:36:42,1185
2020-03-01 11:36:49,272
2020-03-01 11:36:52,695
2020-03-01 11:36:58,321
2020-03-01 11:37:16,983
2020-03-01 11:37:41,2302
2020-03-01 11:38:11,543
2020-03-01 11:39:13,638
2020-03-01 11:39:33,156
2020-03-01 11:39:51,6859
2020-03-01 11:39:56,420
2020-03-01 11:40:24,666
2020-03-01 11:40:34,353
2020-03-01 11:40:44,1618
2020-03-01 11:41:09,1107
2020-03-01 11:41:34,620
2020-03-01 11:41:37,265
2020-03-01 11:41:58,671
2020-03-01 11:42:00,1533
2020-03-01 11:42:04,403
2020-03-01 11:42:41,952
2020-03-01 11:42:59,465
2020-03-01 11:43:04,569
2020-03-01 11:43:06,571
2020-03-01 11:45:30,1728
2020-03-01 11:45:34,506
2020-03-01 11:45:46,645
2020-03-01 11:45:48,1405
2020-03-01 11:45:51,496
2020-03-01 11:45:55,462
2020-03-01 11:46:09,1591
2020-03-01 11:46:16,1683
2020-03-01 11:46:39,1566
2020-03-01 11:46:42,940
2020-03-01 11:46:47,553
2020-03-01 11:47:06,2182
2020-03-01 11:47:08,1505
2020-03-01 11:49:02,509
2020-03-01 11:49:10,271
2020-03-01 11:49:44,3956
2020-03-01 11:50:02,684
2020-03-01 11:50:02,1139
2020-03-01 11:50:04,2072
2020-03-01 11:50:12,2066
2020-03-01 11:50:19,542
2020-03-01 11:50:30,302
2020-03-01 11:50:33,225
2020-03-01 11:50:39,783
2020-03-01 11:50:41,779
2020-03-01 11:51:04,227
2020-03-01 11:51:07,796
2020-03-01 11:51:10,1607
2020-03-01 11:51:14,315
2020-03-01 11:51:30,585
2020-03-01 11:52:16,561
2020-03-01 11:53:17,609
2020-03-01 11:53:40,452
2020-03-01 11:54:24,434
2020-03-01 11:54:25,651
2020-03-01 11:54:29,264
2020-03-01 11:54:59,510
2020-03-01 11:55:05,516
2020-03-01 11:55:10,3626
2020-03-01 11:55:24,250
2020-03-01 11:55:35,841
2020-03-01 11:56:23,576
2020-03-01 11:56:28,515
2020-03-01 11:56:58,318
2020-03-01 11:57:06,173
2020-03-01 11:57:18,643
2020-03-01 11:58:05,2237
2020-03-01 11:58:16,345
2020-03-01 11:58:25,1379
2020-03-01 11:58:35,529
2020-03-01 11:58:59,549
2020-03-01 11:59:05,929
2020-03-01 11:59:49,186
2020-03-01 11:59:51,506
2020-03-01 12:00:05,575
2020-03-01 12:00:19,475
2020-03-01 12:00:39,1016
2020-03-01 12:00:42,1261
2020-03-01 12:00:51,1340
2020-03-01 12:01:36,1242
2020-03-01 12:01:38,286
2020-03-01 12:01:44,903
2020-03-01 12:02:19,145
2020-03-01 12:02:38,1253
2020-03-01 12:02:40,756
2020-03-01 12:02:47,511
2020-03-01 12:02:47,1092
2020-03-01 12:03:00,742
2020-03-01 12:03:20,1753
2020-03-01 12:03:53,155
2020-03-01 12:04:04,891
2020-03-01 12:04:11,624
2020-03-01 12:04:20,527
2020-03-01 12:04:33,1576
2020-03-01 12:04:34,512
2020-03-01 12:04:49,922
2020-03-01 12:04:56,388
2020-03-01 12:05:02,341
2020-03-01 12:05:19,447
2020-03-01 12:05:24,1638
2020-03-01 12:05:39,1706
2020-03-01 12:05:46,2428
2020-03-01 12:05:50,542
2020-03-01 12:05:58,715
2020-03-01 12:07:02,505
2020-03-01 12:08:05,1210
2020-03-01 12:08:08,895
2020-03-01 12:08:24,2031
2020-03-01 12:08:26,1083
2020-03-01 12:08:27,647
2020-03-01 12:08:34,704
2020-03-01 12:09:03,99
2020-03-01 12:09:44,592
2020-03-01 12:10:07,173
2020-03-01 12:10:08,1182
2020-03-01 12:10:30,1459
2020-03-01 12:10:43,771
2020-03-01 12:11:04,718
2020-03-01 12:11:18,368
2020-03-01 12:11:43,305
2020-03-01 12:12:16,152
2020-03-01 12:12:34,732
2020-03-01 12:13:00,2112
2020-03-01 12:13:02,1989
2020-03-01 12:13:38,7458
2020-03-01 12:14:17,399
2020-03-01 12:14:29,320
2020-03-01 12:14:36,385
2020-03-01 12:14:36,1011
2020-03-01 12:14:43,753
2020-03-01 12:14:48,1091
2020-03-01 12:14:52,443
2020-03-01 12:14:56,851
2020-03-01 12:15:02,395
2020-03-01 12:15:07,1345
2020-03-01 12:15:07,557
2020-03-01 12:15:41,883
2020-03-01 12:15:47,802
2020-03-01 12:16:01,289
2020-03-01 12:16:01,2927
2020-03-01 12:16:44,806
2020-03-01 12:16:55,476
2020-03-01 12:17:03,134
2020-03-01 12:17:35,1012
2020-03-01 12:17:40,169
2020-03-01 12:17:41,514
2020-03-01 12:17:51,287
2020-03-01 12:17:58,519
2020-03-01 12:18:13,1318
2020-03-01 12:18:17,376
2020-03-01 12:18:25,2995
2020-03-01 12:18:26,2996
2020-03-01 12:18:39,858
2020-03-01 12:18:40,2271
2020-03-01 12:18:41,362
2020-03-01 12:18:43,1125
2020-03-01 12:18:56,231
2020-03-01 12:19:23,1435
2020-03-01 12:19:35,634
2020-03-01 12:19:44,226
2020-03-01 12:19:49,1351
2020-03-01 12:20:04,936
2020-03-01 12:20:10,548
2020-03-01 12:20:12,1401
2020-03-01 12:20:15,267
2020-03-01 12:20:21,252
2020-03-01 12:20:40,541
2020-03-01 12:20:47,534
2020-03-01 12:21:21,192
2020-03-01 12:21:30,847
2020-03-01 12:21:33,930
2020-03-01 12:21:36,280
2020-03-01 12:21:44,459
2020-03-01 12:21:46,1388
2020-03-01 12:22:03,1467
2020-03-01 12:22:16,230
2020-03-01 12:22:41,1414
2020-03-01 12:22:59,464
2020-03-01 12:23:02,649
2020-03-01 12:23:16,818
2020-03-01 12:24:25,802
2020-03-01 12:24:28,1051
2020-03-01 12:24:48,1827
2020-03-01 12:25:01,397
2020-03-01 12:25:14,1788
2020-03-01 12:26:03,328
2020-03-01 12:26:18,626
2020-03-01 12:27:10,528
2020-03-01 12:27:11,2005
2020-03-01 12:27:37,666
2020-03-01 12:27:38,364
2020-03-01 12:27:40,647
2020-03-01 12:27:47,298
2020-03-01 12:27:51,494
2020-03-01 12:28:10,1813
2020-03-01 12:28:11,601
2020-03-01 12:28:19,1119
2020-03-01 12:28:27,630
2020-03-01 12:28:43,405
2020-03-01 12:29:11,204
2020-03-01 12:29:43,705
2020-03-01 12:30:00,369
2020-03-01 12:30:02,287
2020-03-01 12:30:09,469
2020-03-01 12:30:16,364
2020-03-01 12:30:21,3558
2020-03-01 12:30:37,3547
2020-03-01 12:30:39,452
2020-03-01 12:31:18,583
2020-03-01 12:31:19,253
2020-03-01 12:31:28,1208
2020-03-01 12:31:36,426
2020-03-01 12:31:41,1190
2020-03-01 12:32:17,931
2020-03-01 12:32:18,401
2020-03-01 12:32:53,613
2020-03-01 12:33:06,11183
2020-03-01 12:33:14,460
2020-03-01 12:33:18,1552
2020-03-01 12:33:23,358
2020-03-01 12:33:41,842
2020-03-01 12:35:13,684
2020-03-01 12:35:19,309
2020-03-01 12:35:24,1764
2020-03-01 12:35:28,228
2020-03-01 12:36:07,724
2020-03-01 12:36:17,1194
2020-03-01 12:36:19,1169
2020-03-01 12:36:26,1401
2020-03-01 12:36:33,753
2020-03-01 12:36:38,1642
2020-03-01 12:36:41,1465
2020-03-01 12:36:58,439
2020-03-01 12:37:00,915
2020-03-01 12:37:08,414
2020-03-01 12:37:31,385
2020-03-01 12:37:42,280
2020-03-01 12:38:30,7753
2020-03-01 12:38:31,1936
2020-03-01 12:38:43,803
2020-03-01 12:38:44,413
2020-03-01 12:38:46,772
2020-03-01 12:38:53,680
2020-03-01 12:38:59,316
2020-03-01 12:39:14,195
2020-03-01 12:39:33,7695
2020-03-01 12:39:34,1297
2020-03-01 12:39:36,821
2020-03-01 12:39:41,683
2020-03-01 12:40:01,1641
2020-03-01 12:40:23,445
2020-03-01 12:40:30,1613
2020-03-01 12:40:41,941
2020-03-01 12:43:33,440
2020-03-01 12:43:52,388
2020-03-01 12:44:12,350
2020-03-01 12:44:21,475
2020-03-01 12:44:27,216
2020-03-01 12:44:36,211
2020-03-01 12:44:44,635
2020-03-01 12:44:44,290
2020-03-01 12:45:00,447
2020-03-01 12:45:02,892
2020-03-01 12:45:06,681
2020-03-01 12:45:15,394
2020-03-01 12:45:27,562
2020-03-01 12:45:29,888
2020-03-01 12:45:42,797
2020-03-01 12:46:07,1712
2020-03-01 12:46:12,191
2020-03-01 12:46:22,2670
2020-03-01 12:46:34,1370
2020-03-01 12:46:37,2009
2020-03-01 12:47:00,572
2020-03-01 12:47:24,615
2020-03-01 12:47:24,1702
2020-03-01 12:47:35,861
2020-03-01 12:47:43,1033
2020-03-01 12:47:50,1165
2020-03-01 12:47:55,1590
2020-03-01 12:47:56,250
2020-03-01 12:48:09,254
2020-03-01 12:48:16,989
2020-03-01 12:48:26,945
2020-03-01 12:48:37,262
2020-03-01 12:48:40,787
2020-03-01 12:49:17,368
2020-03-01 12:49:25,390
2020-03-01 12:49:28,923
2020-03-01 12:49:42,912
2020-03-01 12:49:46,519
2020-03-01 12:49:50,204
2020-03-01 12:50:04,408
2020-03-01 12:50:05,725
2020-03-01 12:50:29,591
2020-03-01 12:50:34,633
2020-03-01 12:50:38,2240
2020-03-01 12:50:43,1504
2020-03-01 12:50:47,1515
2020-03-01 12:50:48,511
2020-03-01 12:50:58,399
2020-03-01 12:51:06,204
2020-03-01 12:51:14,289
2020-03-01 12:51:15,223
2020-03-01 12:51:47,1560
2020-03-01 12:51:57,1553
2020-03-01 12:51:59,611
2020-03-01 12:52:12,1261
2020-03-01 12:52:29,1395
2020-03-01 12:52:39,971
2020-03-01 12:52:44,361
2020-03-01 12:52:50,453
2020-03-01 12:52:55,653
2020-03-01 12:53:48,689
2020-03-01 12:54:01,249
2020-03-01 12:55:13,353
2020-03-01 12:55:15,735
2020-03-01 12:55:22,1392
2020-03-01 12:55:42,509
2020-03-01 12:56:07,281
2020-03-01 12:57:11,531
2020-03-01 12:57:50,1130
2020-03-01 12:58:00,1103
2020-03-01 12:58:10,826
2020-03-01 12:58:12,787
2020-03-01 12:58:13,630
2020-03-01 12:58:34,1671
2020-03-01 12:58:36,603
2020-03-01 12:58:46,2845
2020-03-01 12:58:55,404
2020-03-01 12:59:07,762
2020-03-01 12:59:35,1613
2020-03-01 12:59:45,969
2020-03-01 12:59:53,314
2020-03-01 13:00:27,922
2020-03-01 13:00:47,501
2020-03-01 13:01:00,561
2020-03-01 13:01:25,2399
2020-03-01 13:01:39,1868
2020-03-01 13:02:20,1358
2020-03-01 13:03:06,707
2020-03-01 13:03:15,480
2020-03-01 13:03:16,104
2020-03-01 13:03:20,721
2020-03-01 13:03:51,504
2020-03-01 13:04:19,753
2020-03-01 13:04:19,381
2020-03-01 13:04:29,235
2020-03-01 13:04:54,264
2020-03-01 13:05:04,588
2020-03-01 13:05:16,373
2020-03-01 13:05:42,187
2020-03-01 13:05:47,3975
2020-03-01 13:06:00,274
2020-03-01 13:06:17,359
2020-03-01 13:06:32,2682
2020-03-01 13:06:36,343
2020-03-01 13:06:43,1325
2020-03-01 13:06:58,1310
2020-03-01 13:07:21,374
2020-03-01 13:07:30,1653
2020-03-01 13:07:31,242
2020-03-01 13:07:33,908
2020-03-01 13:07:42,1895
2020-03-01 13:07:58,1630
2020-03-01 13:08:02,593
2020-03-01 13:08:02,1355
2020-03-01 13:08:15,1248
2020-03-01 13:08:24,192
2020-03-01 13:09:01,2877
2020-03-01 13:09:10,2873
2020-03-01 13:09:13,520
2020-03-01 13:09:19,935
2020-03-01 13:09:23,493
2020-03-01 13:10:12,652
2020-03-01 13:10:41,276
2020-03-01 13:10:55,562
2020-03-01 13:11:00,527
2020-03-01 13:11:02,531
2020-03-01 13:11:13,545
2020-03-01 13:11:57,345
2020-03-01 13:11:58,1054
2020-03-01 13:12:35,2688
2020-03-01 13:12:47,2125
2020-03-01 13:12:53,2691
2020-03-01 13:12:58,481
2020-03-01 13:13:00,352
2020-03-01 13:13:03,1210
2020-03-01 13:13:09,1250
2020-03-01 13:14:17,324
2020-03-01 13:14:48,743
2020-03-01 13:15:02,391
2020-03-01 13:15:21,456
2020-03-01 13:15:46,1092
2020-03-01 13:16:02,455
2020-03-01 13:16:06,1515
2020-03-01 13:16:16,267
2020-03-01 13:16:31,157
2020-03-01 13:16:42,1139
2020-03-01 13:16:54,298
2020-03-01 13:17:12,2374
2020-03-01 13:17:15,2367
2020-03-01 13:17:33,760
2020-03-01 13:17:49,597
2020-03-01 13:17:54,486
2020-03-01 13:17:59,1115
2020-03-01 13:18:36,1165
2020-03-01 13:19:13,1484
2020-03-01 13:19:21,643
2020-03-01 13:19:23,3810
2020-03-01 13:19:30,363
2020-03-01 13:19:34,3810
2020-03-01 13:19:58,732
2020-03-01 13:20:45,72
2020-03-01 13:21:08,347
2020-03-01 13:21:13,633
2020-03-01 13:21:31,1264
2020-03-01 13:21:37,1258
2020-03-01 13:21:59,931
2020-03-01 13:22:25,451
2020-03-01 13:22:50,1868
2020-03-01 13:22:59,631
2020-03-01 13:23:00,487
2020-03-01 13:23:06,587
2020-03-01 13:23:17,583
2020-03-01 13:23:25,791
2020-03-01 13:23:35,207
2020-03-01 13:23:41,921
2020-03-01 13:23:56,3545
2020-03-01 13:24:25,641
2020-03-01 13:24:41,706
2020-03-01 13:25:06,193
2020-03-01 13:25:35,369
2020-03-01 13:25:35,533
2020-03-01 13:25:45,426
2020-03-01 13:26:14,483
2020-03-01 13:26:29,295
2020-03-01 13:26:43,324
2020-03-01 13:26:46,1956
2020-03-01 13:26:49,1721
2020-03-01 13:27:00,701
2020-03-01 13:27:18,223
2020-03-01 13:27:23,1805
2020-03-01 13:27:39,2759
2020-03-01 13:27:54,2747
2020-03-01 13:28:07,1080
2020-03-01 13:28:26,226
2020-03-01 13:28:28,706
2020-03-01 13:28:51,905
2020-03-01 13:29:01,556
2020-03-01 13:29:17,546
2020-03-01 13:29:28,624
2020-03-01 13:29:51,527
2020-03-01 13:30:02,1949
2020-03-01 13:30:09,981
2020-03-01 13:30:55,199
2020-03-01 13:31:16,396
2020-03-01 13:31:42,1375
2020-03-01 13:31:42,1095
2020-03-01 13:32:01,573
2020-03-01 13:32:29,314
2020-03-01 13:33:03,565
2020-03-01 13:33:06,175
2020-03-01 13:33:45,301
2020-03-01 13:33:47,1475
2020-03-01 13:33:53,397
2020-03-01 13:33:57,556
2020-03-01 13:34:18,383
2020-03-01 13:34:20,475
2020-03-01 13:34:23,404
2020-03-01 13:34:33,439
2020-03-01 13:35:30,556
2020-03-01 13:35:35,493
2020-03-01 13:36:27,1084
2020-03-01 13:36:34,631
2020-03-01 13:36:56,312
2020-03-01 13:37:38,2043
2020-03-01 13:37:48,187
2020-03-01 13:38:08,462
2020-03-01 13:38:39,1105
2020-03-01 13:38:52,255
2020-03-01 13:39:12,929
2020-03-01 13:39:32,139
2020-03-01 13:40:09,4824
2020-03-01 13:40:19,1986
2020-03-01 13:40:24,338
2020-03-01 13:40:28,489
2020-03-01 13:40:39,284
2020-03-01 13:40:46,1212
2020-03-01 13:40:47,4791
2020-03-01 13:41:13,725
2020-03-01 13:41:18,253
2020-03-01 13:41:44,734
2020-03-01 13:42:06,321
2020-03-01 13:42:29,1051
2020-03-01 13:42:50,602
2020-03-01 13:42:50,802
2020-03-01 13:42:58,1732
2020-03-01 13:43:01,862
2020-03-01 13:43:03,1908
2020-03-01 13:43:15,1729
2020-03-01 13:43:18,376
2020-03-01 13:43:34,647
2020-03-01 13:44:03,203
2020-03-01 13:44:07,1265
2020-03-01 13:44:07,509
2020-03-01 13:44:09,626
2020-03-01 13:44:14,591
2020-03-01 13:44:30,520
2020-03-01 13:44:42,515
2020-03-01 13:44:48,545
2020-03-01 13:44:48,488
2020-03-01 13:44:53,269
2020-03-01 13:44:58,677
2020-03-01 13:45:09,483
2020-03-01 13:45:13,1387
2020-03-01 13:45:19,547
2020-03-01 13:45:32,178
2020-03-01 13:46:01,866
2020-03-01 13:46:07,2581
2020-03-01 13:46:08,567
2020-03-01 13:46:27,1244
2020-03-01 13:46:28,405
2020-03-01 13:46:47,752
2020-03-01 13:46:51,773
2020-03-01 13:47:23,542
2020-03-01 13:47:34,170
2020-03-01 13:48:00,1265
2020-03-01 13:48:02,1190
2020-03-01 13:48:30,1024
2020-03-01 13:49:11,638
2020-03-01 13:49:20,992
2020-03-01 13:49:59,445
2020-03-01 13:51:25,469
2020-03-01 13:51:45,354
2020-03-01 13:52:27,1460
2020-03-01 13:52:29,2196
2020-03-01 13:52:44,1442
2020-03-01 13:53:02,166
2020-03-01 13:53:10,1098
2020-03-01 13:53:21,1402
2020-03-01 13:53:23,1000
2020-03-01 13:53:31,320
2020-03-01 13:53:33,840
2020-03-01 13:53:40,265
2020-03-01 13:53:42,645
2020-03-01 13:54:05,300
2020-03-01 13:54:06,162
2020-03-01 13:54:11,204
2020-03-01 13:54:13,607
2020-03-01 13:54:57,2612
2020-03-01 13:54:58,940
2020-03-01 13:54:59,2608
2020-03-01 13:55:00,501
2020-03-01 13:55:47,397
2020-03-01 13:55:51,788
2020-03-01 13:56:05,878
2020-03-01 13:57:05,439
2020-03-01 13:57:29,1669
2020-03-01 13:57:41,374
2020-03-01 13:57:57,912
2020-03-01 13:58:14,440
2020-03-01 13:58:15,600
2020-03-01 13:58:27,1357
2020-03-01 13:58:29,349
2020-03-01 13:58:36,180
2020-03-01 13:58:37,1337
2020-03-01 13:58:57,435
2020-03-01 13:59:01,437
2020-03-01 13:59:14,839
2020-03-01 13:59:23,955
2020-03-01 14:00:00,547
2020-03-01 14:01:23,1193
2020-03-01 14:01:40,1173
2020-03-01 14:01:58,970
2020-03-01 14:02:55,310
2020-03-01 14:03:01,635
2020-03-01 14:03:03,735
2020-03-01 14:03:09,592
2020-03-01 14:03:13,493
2020-03-01 14:03:39,73
2020-03-01 14:03:58,981
2020-03-01 14:04:06,850
2020-03-01 14:04:18,570
2020-03-01 14:04:27,1565
2020-03-01 14:04:31,1273
2020-03-01 14:04:35,332
2020-03-01 14:04:38,374
2020-03-01 14:04:45,767
2020-03-01 14:04:50,1017
2020-03-01 14:04:53,1931
2020-03-01 14:05:45,177
2020-03-01 14:06:14,409
2020-03-01 14:06:26,230
2020-03-01 14:07:07,296
2020-03-01 14:07:52,639
2020-03-01 14:07:59,1080
2020-03-01 14:08:04,719
2020-03-01 14:08:05,1360
2020-03-01 14:08:14,666
2020-03-01 14:08:15,858
2020-03-01 14:08:27,850
2020-03-01 14:08:38,843
2020-03-01 14:08:42,739
2020-03-01 14:09:37,770
2020-03-01 14:09:48,1278
2020-03-01 14:09:59,781
2020-03-01 14:10:11,555
2020-03-01 14:10:23,949
2020-03-01 14:10:52,2357
2020-03-01 14:10:59,748
2020-03-01 14:11:18,2338
2020-03-01 14:11:49,1251
2020-03-01 14:11:56,2443
2020-03-01 14:11:59,865
2020-03-01 14:12:19,493
2020-03-01 14:13:11,191
2020-03-01 14:13:16,649
2020-03-01 14:13:29,411
2020-03-01 14:13:41,285
2020-03-01 14:13:52,429
2020-03-01 14:14:14,279
2020-03-01 14:14:41,1640
2020-03-01 14:14:49,3752
2020-03-01 14:14:51,1155
2020-03-01 14:15:03,1006
2020-03-01 14:15:03,3724
2020-03-01 14:15:09,294
2020-03-01 14:15:19,452
2020-03-01 14:15:20,2246
2020-03-01 14:15:36,4790
2020-03-01 14:15:42,231
2020-03-01 14:15:43,305
2020-03-01 14:15:57,2436
2020-03-01 14:16:04,267
2020-03-01 14:16:11,2196
2020-03-01 14:16:25,317
2020-03-01 14:16:37,422
2020-03-01 14:17:02,142
2020-03-01 14:17:09,598
2020-03-01 14:17:31,850
2020-03-01 14:17:49,498
2020-03-01 14:17:49,1330
2020-03-01 14:17:57,500
2020-03-01 14:17:59,6087
2020-03-01 14:18:02,929
2020-03-01 14:18:43,217
2020-03-01 14:18:53,901
2020-03-01 14:19:06,578
2020-03-01 14:19:16,652
2020-03-01 14:19:32,208
2020-03-01 14:19:54,522
2020-03-01 14:19:58,1514
2020-03-01 14:20:37,523
2020-03-01 14:20:45,246
2020-03-01 14:21:33,888
2020-03-01 14:21:51,519
2020-03-01 14:22:07,1295
2020-03-01 14:22:24,325
2020-03-01 14:22:32,406
2020-03-01 14:22:32,395
2020-03-01 14:22:41,913
2020-03-01 14:22:45,2048
2020-03-01 14:23:03,604
2020-03-01 14:23:19,1107
2020-03-01 14:23:20,2032
2020-03-01 14:23:22,264
2020-03-01 14:24:29,144
2020-03-01 14:24:35,570
2020-03-01 14:24:35,1187
2020-03-01 14:24:42,203
2020-03-01 14:24:51,571
2020-03-01 14:24:55,1034
2020-03-01 14:25:18,353
2020-03-01 14:25:58,466
2020-03-01 14:26:23,1261
2020-03-01 14:26:50,456
2020-03-01 14:27:04,321
2020-03-01 14:27:07,912
2020-03-01 14:27:29,673
2020-03-01 14:27:53,539
2020-03-01 14:28:00,2560
2020-03-01 14:28:12,1907
2020-03-01 14:28:19,1905
2020-03-01 14:28:38,231
2020-03-01 14:28:46,259
2020-03-01 14:28:51,2122
2020-03-01 14:29:20,440
2020-03-01 14:29:27,298
2020-03-01 14:29:43,763
2020-03-01 14:30:05,1230
2020-03-01 14:30:20,5739
2020-03-01 14:30:32,960
2020-03-01 14:30:33,577
2020-03-01 14:30:39,1912
2020-03-01 14:30:41,919
2020-03-01 14:30:56,257
2020-03-01 14:31:07,831
2020-03-01 14:31:21,815
2020-03-01 14:31:47,1135
2020-03-01 14:31:51,1041
2020-03-01 14:31:52,1014
2020-03-01 14:32:13,1825
2020-03-01 14:32:21,556
2020-03-01 14:32:21,2092
2020-03-01 14:33:00,1838
2020-03-01 14:33:04,419
2020-03-01 14:33:17,675
2020-03-01 14:33:50,223
2020-03-01 14:34:09,1299
2020-03-01 14:34:47,646
2020-03-01 14:35:08,574
2020-03-01 14:35:41,417
2020-03-01 14:35:43,362
2020-03-01 14:36:18,824
2020-03-01 14:36:25,391
2020-03-01 14:36:28,389
2020-03-01 14:36:37,1054
2020-03-01 14:36:42,524
2020-03-01 14:36:52,1137
2020-03-01 14:37:11,3895
2020-03-01 14:37:24,1245
2020-03-01 14:37:40,1309
2020-03-01 14:37:54,255
2020-03-01 14:38:06,717
2020-03-01 14:38:26,225
2020-03-01 14:38:46,367
2020-03-01 14:38:51,470
2020-03-01 14:39:03,353
2020-03-01 14:40:02,317
2020-03-01 14:40:10,292
2020-03-01 14:40:16,261
2020-03-01 14:40:18,2522
2020-03-01 14:40:27,751
2020-03-01 14:40:28,353
2020-03-01 14:40:55,2521
2020-03-01 14:41:01,714
2020-03-01 14:41:17,701
2020-03-01 14:41:19,1350
2020-03-01 14:41:21,1203
2020-03-01 14:41:27,222
2020-03-01 14:41:41,291
2020-03-01 14:41:45,2377
2020-03-01 14:41:45,1039
2020-03-01 14:41:48,653
2020-03-01 14:42:25,2274
2020-03-01 14:42:30,1089
2020-03-01 14:42:31,1466
2020-03-01 14:42:34,1129
2020-03-01 14:42:57,242
2020-03-01 14:43:21,420
2020-03-01 14:43:23,182
2020-03-01 14:43:32,290
2020-03-01 14:43:32,1388
2020-03-01 14:43:40,252
2020-03-01 14:43:42,708
2020-03-01 14:43:48,762
2020-03-01 14:43:52,1337
2020-03-01 14:44:16,616
2020-03-01 14:44:21,636
2020-03-01 14:44:29,432
2020-03-01 14:44:45,367
2020-03-01 14:44:52,942
2020-03-01 14:44:55,607
2020-03-01 14:45:01,145
2020-03-01 14:45:05,745
2020-03-01 14:45:32,323
2020-03-01 14:45:59,761
2020-03-01 14:46:00,519
2020-03-01 14:46:11,1027
2020-03-01 14:46:11,314
2020-03-01 14:46:19,799
2020-03-01 14:46:31,109
2020-03-01 14:47:05,352
2020-03-01 14:47:10,670
2020-03-01 14:47:20,315
2020-03-01 14:47:20,494
2020-03-01 14:48:44,1040
2020-03-01 14:48:46,2404
2020-03-01 14:48:48,318
2020-03-01 14:48:49,2400
2020-03-01 14:48:49,1050
2020-03-01 14:49:05,2124
2020-03-01 14:49:20,864
2020-03-01 14:49:28,243
2020-03-01 14:49:31,191
2020-03-01 14:50:12,365
2020-03-01 14:50:24,1024
2020-03-01 14:50:37,872
2020-03-01 14:50:42,2137
2020-03-01 14:50:43,1911
2020-03-01 14:50:44,3506
2020-03-01 14:50:44,315
2020-03-01 14:50:46,919
2020-03-01 14:50:51,725
2020-03-01 14:50:53,264
2020-03-01 14:51:03,278
2020-03-01 14:51:04,351
2020-03-01 14:51:13,749
2020-03-01 14:52:18,1486
2020-03-01 14:52:21,940
2020-03-01 14:52:26,3388
2020-03-01 14:52:27,399
2020-03-01 14:52:45,875
2020-03-01 14:52:52,3404
2020-03-01 14:54:22,588
2020-03-01 14:54:29,284
2020-03-01 14:54:33,203
2020-03-01 14:55:14,422
2020-03-01 14:55:16,1577
2020-03-01 14:55:25,105
2020-03-01 14:55:33,586
2020-03-01 14:55:38,1499
2020-03-01 14:55:42,824
2020-03-01 14:56:16,1593
2020-03-01 14:56:31,433
2020-03-01 14:56:36,86
2020-03-01 14:56:42,419
2020-03-01 14:57:02,1545
2020-03-01 14:57:08,999
2020-03-01 14:57:31,1032
2020-03-01 14:57:39,265
2020-03-01 14:57:42,1283
2020-03-01 14:57:44,311
2020-03-01 14:57:44,1046
2020-03-01 14:57:49,451
2020-03-01 14:58:05,583
2020-03-01 14:58:28,375
2020-03-01 14:58:50,1575
2020-03-01 14:59:07,862
2020-03-01 14:59:12,681
2020-03-01 14:59:35,838
2020-03-01 14:59:41,1831
2020-03-01 14:59:47,439
2020-03-01 15:00:28,636
2020-03-01 15:00:43,864
2020-03-01 15:01:14,4288
2020-03-01 15:01:44,2305
2020-03-01 15:01:52,242
2020-03-01 15:01:59,2665
2020-03-01 15:02:17,2938
2020-03-01 15:02:27,1350
2020-03-01 15:02:33,1221
2020-03-01 15:02:36,1196
2020-03-01 15:03:34,909
2020-03-01 15:03:39,2557
2020-03-01 15:03:53,886
2020-03-01 15:03:57,472
2020-03-01 15:04:20,366
2020-03-01 15:04:38,296
2020-03-01 15:04:58,3386
2020-03-01 15:05:05,306
2020-03-01 15:05:06,3387
2020-03-01 15:05:08,764
2020-03-01 15:05:10,364
2020-03-01 15:05:18,221
2020-03-01 15:05:18,116
2020-03-01 15:05:37,937
2020-03-01 15:05:44,987
2020-03-01 15:06:02,969
2020-03-01 15:06:06,266
2020-03-01 15:06:06,357
2020-03-01 15:06:13,481
2020-03-01 15:06:19,381
2020-03-01 15:06:37,1416
2020-03-01 15:06:40,186
2020-03-01 15:06:42,919
2020-03-01 15:07:01,611
2020-03-01 15:07:22,758
2020-03-01 15:07:33,410
2020-03-01 15:07:46,166
2020-03-01 15:07:51,218
2020-03-01 15:08:01,107
2020-03-01 15:08:05,1763
2020-03-01 15:08:16,183
2020-03-01 15:08:32,451
2020-03-01 15:08:34,439
2020-03-01 15:08:39,1607
2020-03-01 15:09:24,1432
2020-03-01 15:09:38,221
2020-03-01 15:09:47,1005
2020-03-01 15:09:47,911
2020-03-01 15:10:14,238
2020-03-01 15:10:15,875
2020-03-01 15:10:17,1510
2020-03-01 15:11:21,230
2020-03-01 15:11:22,635
2020-03-01 15:11:29,334
2020-03-01 15:11:33,458
2020-03-01 15:11:39,539
2020-03-01 15:12:20,559
2020-03-01 15:12:37,494
2020-03-01 15:12:59,1469
2020-03-01 15:13:02,361
2020-03-01 15:13:04,841
2020-03-01 15:13:30,1115
2020-03-01 15:14:04,1364
2020-03-01 15:14:18,444
2020-03-01 15:14:20,718
2020-03-01 15:14:34,703
2020-03-01 15:14:39,2256
2020-03-01 15:14:48,694
2020-03-01 15:15:47,990
2020-03-01 15:15:51,198
2020-03-01 15:15:55,991
2020-03-01 15:15:59,228
2020-03-01 15:16:16,442
2020-03-01 15:16:37,1123
2020-03-01 15:16:47,939
2020-03-01 15:16:47,350
2020-03-01 15:16:53,196
2020-03-01 15:17:09,2174
2020-03-01 15:17:28,439
2020-03-01 15:17:54,615
2020-03-01 15:17:54,494
2020-03-01 15:17:56,414
2020-03-01 15:18:37,707
2020-03-01 15:19:41,2489
2020-03-01 15:19:44,212
2020-03-01 15:19:47,320
2020-03-01 15:19:57,406
2020-03-01 15:20:13,822
2020-03-01 15:20:29,1555
2020-03-01 15:20:35,243
2020-03-01 15:22:01,657
2020-03-01 15:22:17,968
2020-03-01 15:22:28,951
2020-03-01 15:22:45,1518
2020-03-01 15:22:54,1586
2020-03-01 15:23:01,1127
2020-03-01 15:23:13,342
2020-03-01 15:23:32,450
2020-03-01 15:23:46,1104
2020-03-01 15:23:56,582
2020-03-01 15:24:05,402
2020-03-01 15:24:12,800
2020-03-01 15:24:34,765
2020-03-01 15:24:35,772
2020-03-01 15:24:36,1078
2020-03-01 15:24:38,649
2020-03-01 15:24:41,383
2020-03-01 15:24:42,888
2020-03-01 15:25:02,886
2020-03-01 15:25:15,424
2020-03-01 15:25:30,1043
2020-03-01 15:25:46,875
2020-03-01 15:25:48,832
2020-03-01 15:26:19,656
2020-03-01 15:26:36,2178
2020-03-01 15:26:39,1251
2020-03-01 15:26:46,1451
2020-03-01 15:26:55,384
2020-03-01 15:27:09,414
2020-03-01 15:27:20,451
2020-03-01 15:27:40,459
2020-03-01 15:27:54,1081
2020-03-01 15:28:01,432
2020-03-01 15:28:03,1021
2020-03-01 15:28:05,1082
2020-03-01 15:28:59,2418
2020-03-01 15:29:41,1501
2020-03-01 15:29:51,557
2020-03-01 15:30:14,162
2020-03-01 15:30:17,366
2020-03-01 15:31:02,867
2020-03-01 15:31:39,388
2020-03-01 15:31:45,266
2020-03-01 15:32:08,115
2020-03-01 15:32:15,1427
2020-03-01 15:32:29,418
2020-03-01 15:33:44,507
2020-03-01 15:33:48,1490
2020-03-01 15:33:52,506
2020-03-01 15:34:03,585
2020-03-01 15:34:16,185
2020-03-01 15:34:22,1458
2020-03-01 15:35:05,1184
2020-03-01 15:35:35,426
2020-03-01 15:35:43,450
2020-03-01 15:35:51,485
2020-03-01 15:36:02,331
2020-03-01 15:36:11,713
2020-03-01 15:37:35,352
2020-03-01 15:37:38,330
2020-03-01 15:38:07,493
2020-03-01 15:38:18,669
2020-03-01 15:38:18,134
2020-03-01 15:39:19,339
2020-03-01 15:39:23,235
2020-03-01 15:39:35,635
2020-03-01 15:39:51,157
2020-03-01 15:39:56,139
2020-03-01 15:40:00,307
2020-03-01 15:40:08,435
2020-03-01 15:40:17,1772
2020-03-01 15:40:23,3355
2020-03-01 15:41:01,383
2020-03-01 15:41:25,375
2020-03-01 15:41:28,434
2020-03-01 15:42:07,841
2020-03-01 15:42:45,268
2020-03-01 15:42:47,620
2020-03-01 15:42:49,1036
2020-03-01 15:42:52,563
2020-03-01 15:42:54,879
2020-03-01 15:43:09,843
2020-03-01 15:43:10,233
2020-03-01 15:44:36,1708
2020-03-01 15:44:43,1763
2020-03-01 15:44:57,882
2020-03-01 15:45:14,381
2020-03-01 15:45:15,729
2020-03-01 15:45:19,386
2020-03-01 15:45:46,768
2020-03-01 15:45:46,422
2020-03-01 15:45:54,988
2020-03-01 15:46:02,752
2020-03-01 15:46:10,670
2020-03-01 15:46:29,345
2020-03-01 15:47:12,1089
2020-03-01 15:47:23,954
2020-03-01 15:47:28,1231
2020-03-01 15:47:42,854
2020-03-01 15:47:43,1222
2020-03-01 15:48:10,606
2020-03-01 15:48:28,807
2020-03-01 15:48:43,866
2020-03-01 15:48:58,1036
2020-03-01 15:49:01,244
2020-03-01 15:49:03,237
2020-03-01 15:49:04,602
2020-03-01 15:49:17,658
2020-03-01 15:49:25,549
2020-03-01 15:50:02,907
2020-03-01 15:50:21,332
2020-03-01 15:50:53,557
2020-03-01 15:51:15,911
2020-03-01 15:51:19,900
2020-03-01 15:52:26,322
2020-03-01 15:52:28,562
2020-03-01 15:52:32,319
2020-03-01 15:52:54,171
2020-03-01 15:53:09,5710
2020-03-01 15:53:26,5326
2020-03-01 15:54:07,431
2020-03-01 15:54:31,700
2020-03-01 15:54:39,778
2020-03-01 15:54:45,360
2020-03-01 15:54:51,530
2020-03-01 15:55:00,550
2020-03-01 15:55:12,507
2020-03-01 15:55:16,1146
2020-03-01 15:55:19,756
2020-03-01 15:55:40,5572
2020-03-01 15:55:50,5544
2020-03-01 15:55:52,255
2020-03-01 15:55:55,1192
2020-03-01 15:56:10,993
2020-03-01 15:56:20,287
2020-03-01 15:56:20,976
2020-03-01 15:56:35,526
2020-03-01 15:56:44,1398
2020-03-01 15:57:03,993
2020-03-01 15:57:06,177
2020-03-01 15:57:07,5475
2020-03-01 15:57:12,1667
2020-03-01 15:57:32,878
2020-03-01 15:57:35,1381
2020-03-01 15:57:42,1373
2020-03-01 15:57:57,3487
2020-03-01 15:57:57,2922
2020-03-01 15:58:07,1115
2020-03-01 15:58:19,1701
2020-03-01 15:58:25,2900
2020-03-01 15:58:49,257
2020-03-01 15:58:50,497
2020-03-01 15:59:31,277
2020-03-01 15:59:40,434
2020-03-01 15:59:47,264
2020-03-01 16:00:35,308
2020-03-01 16:01:34,31005
2020-03-01 16:01:36,377
2020-03-01 16:01:45,1613
2020-03-01 16:01:54,294
2020-03-01 16:02:03,1557
2020-03-01 16:02:18,124
2020-03-01 16:02:42,2772
2020-03-01 16:02:45,1056
2020-03-01 16:04:05,323
2020-03-01 16:04:24,270
2020-03-01 16:04:31,1145
2020-03-01 16:04:44,2003
2020-03-01 16:04:47,1829
2020-03-01 16:04:50,382
2020-03-01 16:05:02,410
2020-03-01 16:05:05,1977
2020-03-01 16:05:37,311
2020-03-01 16:06:01,433
2020-03-01 16:06:07,654
2020-03-01 16:06:25,1207
2020-03-01 16:06:29,458
2020-03-01 16:08:06,776
2020-03-01 16:08:20,770
2020-03-01 16:08:26,462
2020-03-01 16:08:26,970
2020-03-01 16:08:46,1529
2020-03-01 16:09:28,271
2020-03-01 16:09:30,433
2020-03-01 16:09:33,491
2020-03-01 16:09:36,804
2020-03-01 16:09:55,2380
2020-03-01 16:10:14,2350
2020-03-01 16:10:40,916
2020-03-01 16:10:48,908
2020-03-01 16:11:00,1398
2020-03-01 16:11:03,280
2020-03-01 16:11:07,911
2020-03-01 16:11:09,1288
2020-03-01 16:11:22,1227
2020-03-01 16:11:25,472
2020-03-01 16:11:31,1402
2020-03-01 16:12:05,864
2020-03-01 16:12:25,1086
2020-03-01 16:12:43,1439
2020-03-01 16:12:53,948
2020-03-01 16:12:53,762
2020-03-01 16:13:25,1069
2020-03-01 16:13:39,770
2020-03-01 16:13:46,568
2020-03-01 16:13:55,348
2020-03-01 16:14:07,554
2020-03-01 16:14:09,963
2020-03-01 16:14:23,736
2020-03-01 16:14:28,485
2020-03-01 16:14:31,279
2020-03-01 16:15:32,413
2020-03-01 16:15:53,546
2020-03-01 16:16:04,490
2020-03-01 16:16:20,863
2020-03-01 16:16:41,284
2020-03-01 16:16:45,662
2020-03-01 16:16:55,284
2020-03-01 16:16:55,1983
2020-03-01 16:16:55,1996
2020-03-01 16:17:01,318
2020-03-01 16:17:17,535
2020-03-01 16:17:21,384
2020-03-01 16:17:50,2361
2020-03-01 16:18:24,420
2020-03-01 16:18:31,2138
2020-03-01 16:19:07,462
2020-03-01 16:19:18,143
2020-03-01 16:19:19,323
2020-03-01 16:19:24,1760
2020-03-01 16:20:13,777
2020-03-01 16:20:44,468
2020-03-01 16:20:58,851
2020-03-01 16:21:02,209
2020-03-01 16:21:07,204
2020-03-01 16:21:41,192
2020-03-01 16:22:08,554
2020-03-01 16:22:29,818
2020-03-01 16:22:42,138
2020-03-01 16:22:50,620
2020-03-01 16:23:09,436
2020-03-01 16:23:29,253
2020-03-01 16:23:45,336
2020-03-01 16:24:57,1472
2020-03-01 16:25:35,77
2020-03-01 16:26:35,262
2020-03-01 16:26:50,354
2020-03-01 16:27:25,562
2020-03-01 16:27:51,526
2020-03-01 16:28:11,828
2020-03-01 16:28:41,505
2020-03-01 16:28:48,827
2020-03-01 16:29:01,756
2020-03-01 16:30:20,340
2020-03-01 16:30:38,1340
2020-03-01 16:30:43,1225
2020-03-01 16:30:44,1740
2020-03-01 16:31:27,870
2020-03-01 16:31:32,1492
2020-03-01 16:31:43,621
2020-03-01 16:32:03,653
2020-03-01 16:33:08,548
2020-03-01 16:33:27,203
2020-03-01 16:34:03,458
2020-03-01 16:34:29,383
2020-03-01 16:34:32,157
2020-03-01 16:34:52,362
2020-03-01 16:35:05,828
2020-03-01 16:35:14,498
2020-03-01 16:35:18,741
2020-03-01 16:35:45,337
2020-03-01 16:35:46,1242
2020-03-01 16:36:20,539
2020-03-01 16:37:12,320
2020-03-01 16:37:30,464
2020-03-01 16:38:03,864
2020-03-01 16:38:24,1830
2020-03-01 16:38:25,1071
2020-03-01 16:38:32,843
2020-03-01 16:38:33,796
2020-03-01 16:38:36,330
2020-03-01 16:38:54,2280
2020-03-01 16:38:59,221
2020-03-01 16:39:04,248
2020-03-01 16:39:06,140
2020-03-01 16:39:13,2272
2020-03-01 16:39:16,784
2020-03-01 16:39:29,1335
2020-03-01 16:40:18,269
2020-03-01 16:40:42,374
2020-03-01 16:40:56,415
2020-03-01 16:40:58,141
2020-03-01 16:42:25,414
2020-03-01 16:42:25,743
2020-03-01 16:42:34,254
2020-03-01 16:42:55,742
2020-03-01 16:43:14,660
2020-03-01 16:43:15,246
2020-03-01 16:43:17,627
2020-03-01 16:43:51,272
2020-03-01 16:43:51,751
2020-03-01 16:43:52,332
2020-03-01 16:43:54,706
2020-03-01 16:43:55,765
2020-03-01 16:44:07,241
2020-03-01 16:44:13,321
2020-03-01 16:44:22,330
2020-03-01 16:44:29,435
2020-03-01 16:45:21,411
2020-03-01 16:45:32,384
2020-03-01 16:45:59,850
2020-03-01 16:46:05,1203
2020-03-01 16:46:21,697
2020-03-01 16:46:42,1476
2020-03-01 16:47:13,399
2020-03-01 16:47:30,570
2020-03-01 16:47:31,746
2020-03-01 16:48:41,371
2020-03-01 16:49:07,252
2020-03-01 16:49:51,930
2020-03-01 16:50:03,569
2020-03-01 16:50:04,1204
2020-03-01 16:50:13,190
2020-03-01 16:50:26,779
2020-03-01 16:50:28,345
2020-03-01 16:50:52,414
2020-03-01 16:50:53,1756
2020-03-01 16:50:56,1196
2020-03-01 16:50:58,369
2020-03-01 16:51:03,292
2020-03-01 16:51:20,307
2020-03-01 16:51:50,429
2020-03-01 16:52:03,327
2020-03-01 16:52:40,618
2020-03-01 16:52:45,1722
2020-03-01 16:52:55,2226
2020-03-01 16:53:04,1723
2020-03-01 16:53:07,1936
2020-03-01 16:53:33,190
2020-03-01 16:53:50,394
2020-03-01 16:54:18,1638
2020-03-01 16:54:48,384
2020-03-01 16:54:52,1374
2020-03-01 16:54:58,247
2020-03-01 16:56:03,339
2020-03-01 16:56:26,139
2020-03-01 16:56:41,548
2020-03-01 16:56:49,2415
2020-03-01 16:56:49,588
2020-03-01 16:57:31,235
2020-03-01 16:57:33,776
2020-03-01 16:57:57,484
2020-03-01 16:58:02,654
2020-03-01 16:58:12,467
2020-03-01 16:58:19,375
2020-03-01 16:58:22,261
2020-03-01 16:58:31,150
2020-03-01 16:58:46,707
2020-03-01 16:58:53,919
2020-03-01 16:59:07,1049
2020-03-01 16:59:31,550
2020-03-01 16:59:43,1346
2020-03-01 16:59:55,650
2020-03-01 16:59:57,188
2020-03-01 17:00:25,524
2020-03-01 17:00:27,1193
2020-03-01 17:00:46,967
2020-03-01 17:01:07,180
2020-03-01 17:01:29,771
2020-03-01 17:01:33,236
2020-03-01 17:01:55,920
2020-03-01 17:02:10,509
2020-03-01 17:02:14,466
2020-03-01 17:02:39,799
2020-03-01 17:02:54,844
2020-03-01 17:03:05,1049
2020-03-01 17:03:17,223
2020-03-01 17:03:27,1176
2020-03-01 17:03:57,304
2020-03-01 17:03:58,407
2020-03-01 17:04:05,121
2020-03-01 17:04:20,306
2020-03-01 17:04:21,271
2020-03-01 17:04:22,548
2020-03-01 17:05:07,1621
2020-03-01 17:05:14,535
2020-03-01 17:05:35,1623
2020-03-01 17:05:43,337
2020-03-01 17:06:08,639
2020-03-01 17:06:37,103
2020-03-01 17:06:51,1187
2020-03-01 17:07:36,1363
2020-03-01 17:07:37,366
2020-03-01 17:07:40,448
2020-03-01 17:07:52,501
2020-03-01 17:08:00,5088
2020-03-01 17:08:01,1013
2020-03-01 17:08:07,345
2020-03-01 17:08:08,935
2020-03-01 17:08:20,1700
2020-03-01 17:08:34,511
2020-03-01 17:09:14,231
2020-03-01 17:09:35,1694
2020-03-01 17:09:36,230
2020-03-01 17:09:42,234
2020-03-01 17:09:44,340
2020-03-01 17:09:49,287
2020-03-01 17:09:52,355
2020-03-01 17:10:07,540
2020-03-01 17:10:18,500
2020-03-01 17:10:28,945
2020-03-01 17:11:03,818
2020-03-01 17:11:07,312
2020-03-01 17:11:19,279
2020-03-01 17:11:27,531
2020-03-01 17:11:40,1029
2020-03-01 17:12:12,1260
2020-03-01 17:12:15,483
2020-03-01 17:12:19,692
2020-03-01 17:12:49,547
2020-03-01 17:13:06,701
2020-03-01 17:13:13,1171
2020-03-01 17:13:20,229
2020-03-01 17:13:32,102
2020-03-01 17:13:45,993
2020-03-01 17:14:12,557
2020-03-01 17:14:20,1645
2020-03-01 17:14:23,285
2020-03-01 17:14:39,202
2020-03-01 17:15:22,844
2020-03-01 17:15:48,688
2020-03-01 17:15:57,1146
2020-03-01 17:16:00,1054
2020-03-01 17:16:06,615
2020-03-01 17:16:36,435
2020-03-01 17:16:41,964
2020-03-01 17:16:44,511
2020-03-01 17:16:45,1309
2020-03-01 17:16:50,567
2020-03-01 17:17:08,346
2020-03-01 17:17:14,231
2020-03-01 17:17:19,309
2020-03-01 17:17:30,337
2020-03-01 17:17:33,1245
2020-03-01 17:18:01,114
2020-03-01 17:18:35,526
2020-03-01 17:19:09,279
2020-03-01 17:19:10,829
2020-03-01 17:19:15,189
2020-03-01 17:19:24,226
2020-03-01 17:19:59,402
2020-03-01 17:19:59,227
2020-03-01 17:20:04,975
2020-03-01 17:20:22,330
2020-03-01 17:20:30,1553
2020-03-01 17:21:04,449
2020-03-01 17:21:07,1366
2020-03-01 17:21:24,801
2020-03-01 17:21:35,932
2020-03-01 17:21:40,326
2020-03-01 17:21:41,124
2020-03-01 17:21:49,1024
2020-03-01 17:22:14,151
2020-03-01 17:22:37,621
2020-03-01 17:22:41,1276
2020-03-01 17:22:49,1270
2020-03-01 17:23:21,317
2020-03-01 17:23:46,455
2020-03-01 17:24:13,585
2020-03-01 17:24:18,376
2020-03-01 17:25:58,631
2020-03-01 17:25:59,1057
2020-03-01 17:26:01,852
2020-03-01 17:26:51,275
2020-03-01 17:27:03,1810
2020-03-01 17:27:20,514
2020-03-01 17:27:37,385
2020-03-01 17:27:42,464
2020-03-01 17:27:44,266
2020-03-01 17:27:59,379
2020-03-01 17:28:14,110
2020-03-01 17:28:22,1449
2020-03-01 17:28:25,1067
2020-03-01 17:28:48,390
2020-03-01 17:29:36,852
2020-03-01 17:29:45,564
2020-03-01 17:29:54,267
2020-03-01 17:30:04,1342
2020-03-01 17:30:10,305
2020-03-01 17:30:19,583
2020-03-01 17:30:27,635
2020-03-01 17:30:55,1199
2020-03-01 17:31:06,211
2020-03-01 17:31:12,293
2020-03-01 17:31:14,171
2020-03-01 17:31:19,279
2020-03-01 17:31:22,225
2020-03-01 17:31:44,503
2020-03-01 17:31:46,563
2020-03-01 17:31:55,707
2020-03-01 17:32:28,954
2020-03-01 17:32:48,777
2020-03-01 17:32:52,551
2020-03-01 17:32:53,2396
2020-03-01 17:32:55,2400
2020-03-01 17:32:59,540
2020-03-01 17:33:04,1649
2020-03-01 17:33:06,357
2020-03-01 17:33:34,513
2020-03-01 17:33:43,413
2020-03-01 17:33:44,509
2020-03-01 17:33:46,1825
2020-03-01 17:33:49,2038
2020-03-01 17:33:50,1823
2020-03-01 17:33:55,432
2020-03-01 17:34:40,1759
2020-03-01 17:34:48,1116
2020-03-01 17:35:04,488
2020-03-01 17:35:42,736
2020-03-01 17:35:50,472
2020-03-01 17:35:54,837
2020-03-01 17:35:54,636
2020-03-01 17:36:04,590
2020-03-01 17:36:06,1360
2020-03-01 17:36:16,834
2020-03-01 17:36:26,654
2020-03-01 17:36:34,875
2020-03-01 17:36:36,410
2020-03-01 17:36:49,502
2020-03-01 17:37:32,959
2020-03-01 17:38:00,296
2020-03-01 17:38:11,2356
2020-03-01 17:38:17,604
2020-03-01 17:39:18,971
2020-03-01 17:39:30,793
2020-03-01 17:40:05,383
2020-03-01 17:40:07,531
2020-03-01 17:40:15,484
2020-03-01 17:40:42,120
2020-03-01 17:40:46,689
2020-03-01 17:40:51,857
2020-03-01 17:41:01,505
2020-03-01 17:41:09,50495
2020-03-01 17:42:45,570
2020-03-01 17:43:14,243
2020-03-01 17:43:22,1460
2020-03-01 17:43:22,319
2020-03-01 17:44:01,67
2020-03-01 17:44:12,1244
2020-03-01 17:44:29,575
2020-03-01 17:44:39,405
2020-03-01 17:44:40,524
2020-03-01 17:44:43,269
2020-03-01 17:44:46,373
2020-03-01 17:44:51,1033
2020-03-01 17:45:04,332
2020-03-01 17:45:08,964
2020-03-01 17:46:04,1189
2020-03-01 17:46:04,1182
2020-03-01 17:46:38,834
2020-03-01 17:47:29,306
2020-03-01 17:47:36,485
2020-03-01 17:47:38,490
2020-03-01 17:48:00,336
2020-03-01 17:48:05,965
2020-03-01 17:48:26,372
2020-03-01 17:49:22,432
2020-03-01 17:49:47,427
2020-03-01 17:49:53,677
2020-03-01 17:50:48,594
2020-03-01 17:51:30,541
2020-03-01 17:51:43,2304
2020-03-01 17:51:44,528
2020-03-01 17:51:48,318
2020-03-01 17:51:49,477
2020-03-01 17:51:51,528
2020-03-01 17:52:00,1752
2020-03-01 17:52:09,718
2020-03-01 17:52:37,381
2020-03-01 17:52:43,398
2020-03-01 17:52:56,505
2020-03-01 17:52:57,314
2020-03-01 17:54:09,137
2020-03-01 17:54:27,1910
2020-03-01 17:54:37,969
2020-03-01 17:55:24,310
2020-03-01 17:55:26,579
2020-03-01 17:55:49,1925
2020-03-01 17:55:58,292
2020-03-01 17:56:05,700
2020-03-01 17:56:11,342
2020-03-01 17:56:17,724564
2020-03-01 17:58:08,1898
2020-03-01 17:58:23,436
2020-03-01 17:58:56,623
2020-03-01 17:59:31,348
2020-03-01 18:00:15,390
2020-03-01 18:00:38,276
2020-03-01 18:00:55,533
2020-03-01 18:00:55,294
2020-03-01 18:01:03,602
2020-03-01 18:01:16,481
2020-03-01 18:01:36,352
2020-03-01 18:01:38,721
2020-03-01 18:01:49,696
2020-03-01 18:02:06,667
2020-03-01 18:02:27,1090
2020-03-01 18:03:09,424
2020-03-01 18:03:11,392
2020-03-01 18:03:40,190
2020-03-01 18:04:52,915
2020-03-01 18:04:54,1300
2020-03-01 18:05:06,399
2020-03-01 18:05:20,274
2020-03-01 18:05:29,593
2020-03-01 18:05:45,329
2020-03-01 18:05:47,741
2020-03-01 18:07:49,288
2020-03-01 18:07:58,397
2020-03-01 18:08:32,785
2020-03-01 18:08:46,460
2020-03-01 18:09:45,409
2020-03-01 18:09:46,452
2020-03-01 18:10:01,1558
2020-03-01 18:10:50,326
2020-03-01 18:10:55,567
2020-03-01 18:11:51,689
2020-03-01 18:12:19,1681
2020-03-01 18:12:23,310
2020-03-01 18:12:34,1769
2020-03-01 18:12:58,893
2020-03-01 18:13:09,139
2020-03-01 18:13:13,1038
2020-03-01 18:13:20,1196
2020-03-01 18:14:01,352
2020-03-01 18:14:11,1165
2020-03-01 18:14:11,214
2020-03-01 18:14:24,558
2020-03-01 18:14:31,774
2020-03-01 18:14:54,447
2020-03-01 18:14:57,1157
2020-03-01 18:14:58,273
2020-03-01 18:15:38,235
2020-03-01 18:16:18,919
2020-03-01 18:16:28,901
2020-03-01 18:16:41,315
2020-03-01 18:16:42,2442
2020-03-01 18:16:59,397
2020-03-01 18:17:06,376
2020-03-01 18:17:54,90
2020-03-01 18:18:14,313
2020-03-01 18:18:28,910
2020-03-01 18:18:52,634
2020-03-01 18:19:18,490
2020-03-01 18:19:27,378
2020-03-01 18:19:51,781
2020-03-01 18:20:07,304
2020-03-01 18:20:37,609
2020-03-01 18:20:45,502
2020-03-01 18:20:45,386
2020-03-01 18:21:33,254
2020-03-01 18:21:38,388
2020-03-01 18:21:39,374
2020-03-01 18:21:45,380
2020-03-01 18:22:26,812
2020-03-01 18:22:32,788
2020-03-01 18:22:33,1080
2020-03-01 18:22:34,634
2020-03-01 18:22:39,542
2020-03-01 18:22:43,353
2020-03-01 18:23:30,632
2020-03-01 18:24:03,1412
2020-03-01 18:24:06,1821
2020-03-01 18:24:25,322
2020-03-01 18:24:28,297
2020-03-01 18:24:39,370
2020-03-01 18:25:14,796
2020-03-01 18:25:17,544
2020-03-01 18:25:20,1563
2020-03-01 18:25:24,1139
2020-03-01 18:25:24,313
2020-03-01 18:25:56,387
2020-03-01 18:26:21,1102
2020-03-01 18:26:32,210
2020-03-01 18:26:48,288
2020-03-01 18:26:52,367
2020-03-01 18:27:06,2172
2020-03-01 18:27:20,355
2020-03-01 18:27:28,367
2020-03-01 18:28:05,3258
2020-03-01 18:29:20,977
2020-03-01 18:29:27,374
2020-03-01 18:29:31,498
2020-03-01 18:30:06,488
2020-03-01 18:30:09,1043
2020-03-01 18:30:12,840
2020-03-01 18:30:18,337
2020-03-01 18:30:46,1008
2020-03-01 18:31:55,378
2020-03-01 18:32:05,409
2020-03-01 18:33:17,370
2020-03-01 18:33:32,236
2020-03-01 18:33:34,1022
2020-03-01 18:33:50,1664
2020-03-01 18:34:19,320
2020-03-01 18:34:30,4237
2020-03-01 18:34:34,503
2020-03-01 18:34:51,1588
2020-03-01 18:35:38,437
2020-03-01 18:36:00,391
2020-03-01 18:36:10,296
2020-03-01 18:36:12,489
2020-03-01 18:36:23,342
2020-03-01 18:36:44,1122
2020-03-01 18:37:16,585
2020-03-01 18:37:34,429
2020-03-01 18:37:46,1276
2020-03-01 18:37:56,338
2020-03-01 18:37:57,416
2020-03-01 18:38:26,1070
2020-03-01 18:38:57,342
2020-03-01 18:39:30,1222
2020-03-01 18:39:47,1157
2020-03-01 18:40:02,462
2020-03-01 18:40:59,1146
2020-03-01 18:41:11,364
2020-03-01 18:42:01,246
2020-03-01 18:42:05,473
2020-03-01 18:42:16,218
2020-03-01 18:43:18,235
2020-03-01 18:43:39,1675
2020-03-01 18:43:46,316
2020-03-01 18:44:13,382
2020-03-01 18:44:28,296
2020-03-01 18:44:38,459
2020-03-01 18:45:13,296
2020-03-01 18:45:19,434
2020-03-01 18:45:42,626
2020-03-01 18:46:58,393
2020-03-01 18:48:10,1388
2020-03-01 18:49:01,227
2020-03-01 18:49:09,212
2020-03-01 18:49:15,613
2020-03-01 18:49:28,818
2020-03-01 18:49:29,308
2020-03-01 18:49:48,574
2020-03-01 18:50:06,445
2020-03-01 18:50:28,327
2020-03-01 18:50:29,395
2020-03-01 18:50:37,1656
2020-03-01 18:50:48,686
2020-03-01 18:50:57,386
2020-03-01 18:51:05,741
2020-03-01 18:52:14,1917
2020-03-01 18:52:36,659
2020-03-01 18:52:54,987
2020-03-01 18:53:26,1604
2020-03-01 18:53:30,340
2020-03-01 18:53:35,638
2020-03-01 18:53:45,611
2020-03-01 18:53:45,596
2020-03-01 18:55:19,1655
2020-03-01 18:55:30,649
2020-03-01 18:55:59,296
2020-03-01 18:56:25,343
2020-03-01 18:56:25,865
2020-03-01 18:57:12,559
2020-03-01 18:57:40,282
2020-03-01 18:59:24,2263
2020-03-01 18:59:44,691
2020-03-01 18:59:53,460
2020-03-01 19:00:00,199
2020-03-01 19:01:00,1694
2020-03-01 19:02:06,357
2020-03-01 19:03:23,245
2020-03-01 19:03:33,707
2020-03-01 19:03:38,425
2020-03-01 19:04:01,126
2020-03-01 19:04:19,521
2020-03-01 19:04:51,273
2020-03-01 19:05:03,475
2020-03-01 19:05:07,771
2020-03-01 19:05:07,480
2020-03-01 19:05:10,239
2020-03-01 19:05:47,1526
2020-03-01 19:05:59,877
2020-03-01 19:06:03,195
2020-03-01 19:06:11,479
2020-03-01 19:06:14,208
2020-03-01 19:06:14,153
2020-03-01 19:06:44,412
2020-03-01 19:06:51,403
2020-03-01 19:06:53,1915
2020-03-01 19:07:20,175
2020-03-01 19:07:21,482
2020-03-01 19:07:32,407
2020-03-01 19:07:42,1818
2020-03-01 19:08:16,458
2020-03-01 19:08:31,97
2020-03-01 19:08:38,888
2020-03-01 19:08:48,733
2020-03-01 19:08:50,727
2020-03-01 19:09:31,767
2020-03-01 19:09:38,1723
2020-03-01 19:10:37,372
2020-03-01 19:10:42,948
2020-03-01 19:10:55,302
2020-03-01 19:11:03,843
2020-03-01 19:11:29,661
2020-03-01 19:12:44,396
2020-03-01 19:13:14,2666
2020-03-01 19:13:36,1358
2020-03-01 19:13:48,351
2020-03-01 19:13:56,246
2020-03-01 19:14:28,836
2020-03-01 19:14:28,297
2020-03-01 19:14:40,357
2020-03-01 19:14:51,947
2020-03-01 19:14:54,382
2020-03-01 19:17:17,150
2020-03-01 19:17:43,246
2020-03-01 19:18:18,670
2020-03-01 19:18:40,645
2020-03-01 19:19:25,794
2020-03-01 19:20:35,330
2020-03-01 19:21:20,539
2020-03-01 19:21:28,1035
2020-03-01 19:21:47,288
2020-03-01 19:21:49,879
2020-03-01 19:21:50,695
2020-03-01 19:21:55,477
2020-03-01 19:22:30,1611
2020-03-01 19:22:47,282
2020-03-01 19:23:40,639
2020-03-01 19:24:34,831
2020-03-01 19:24:38,217
2020-03-01 19:25:06,2000
2020-03-01 19:25:19,265
2020-03-01 19:25:34,1362
2020-03-01 19:27:32,624
2020-03-01 19:28:08,289
2020-03-01 19:29:35,725
2020-03-01 19:31:16,461
2020-03-01 19:31:43,248
2020-03-01 19:31:59,780
2020-03-01 19:32:07,807
2020-03-01 19:32:29,901
2020-03-01 19:33:21,378
2020-03-01 19:33:32,531
2020-03-01 19:33:43,359
2020-03-01 19:33:58,226
2020-03-01 19:34:38,629
2020-03-01 19:35:05,188
2020-03-01 19:35:31,286
2020-03-01 19:35:31,1164
2020-03-01 19:36:24,300
2020-03-01 19:37:47,180
2020-03-01 19:37:58,197
2020-03-01 19:38:09,964
2020-03-01 19:38:25,485
2020-03-01 19:38:30,1092
2020-03-01 19:38:47,439
2020-03-01 19:38:56,774
2020-03-01 19:39:46,228
2020-03-01 19:40:42,201
2020-03-01 19:41:14,511
2020-03-01 19:41:41,222
2020-03-01 19:42:28,262
2020-03-01 19:43:17,812
2020-03-01 19:43:48,382
2020-03-01 19:43:51,405
2020-03-01 19:44:23,1460
2020-03-01 19:44:35,1978
2020-03-01 19:44:42,1330
2020-03-01 19:44:46,314
2020-03-01 19:46:23,1547
2020-03-01 19:46:25,158
2020-03-01 19:48:52,324
2020-03-01 19:49:30,1228
2020-03-01 19:50:01,626
2020-03-01 19:50:13,1052
2020-03-01 19:50:19,366
2020-03-01 19:50:26,361
2020-03-01 19:51:25,259
2020-03-01 19:52:16,2435
2020-03-01 19:52:49,595
2020-03-01 19:52:58,412
2020-03-01 19:53:06,499
2020-03-01 19:53:09,187
2020-03-01 19:53:32,74
2020-03-01 19:53:35,1133
2020-03-01 19:53:44,517
2020-03-01 19:54:45,307
2020-03-01 19:54:51,579
2020-03-01 19:55:00,790
2020-03-01 19:55:22,1109
2020-03-01 19:55:30,609
2020-03-01 19:56:03,494
2020-03-01 19:56:54,104
2020-03-01 19:57:31,620
2020-03-01 19:58:46,1546
2020-03-01 19:59:01,670
2020-03-01 19:59:03,774
2020-03-01 19:59:26,559
2020-03-01 19:59:52,265
2020-03-01 19:59:55,488
2020-03-01 20:00:24,495
2020-03-01 20:00:39,394
2020-03-01 20:01:59,274
2020-03-01 20:03:26,314
2020-03-01 20:03:28,571
2020-03-01 20:04:16,301
2020-03-01 20:04:32,571
2020-03-01 20:04:58,1909
2020-03-01 20:05:02,320
2020-03-01 20:05:03,1376
2020-03-01 20:05:08,369
2020-03-01 20:05:21,233
2020-03-01 20:05:33,1256
2020-03-01 20:06:18,557
2020-03-01 20:06:24,328
2020-03-01 20:06:25,400
2020-03-01 20:06:52,550
2020-03-01 20:06:55,473
2020-03-01 20:07:11,443
2020-03-01 20:07:16,171
2020-03-01 20:07:25,215
2020-03-01 20:07:26,1382
2020-03-01 20:07:38,984
2020-03-01 20:07:59,178
2020-03-01 20:10:04,330
2020-03-01 20:10:42,261
2020-03-01 20:10:57,1544
2020-03-01 20:11:00,1043
2020-03-01 20:11:08,238
2020-03-01 20:11:51,295
2020-03-01 20:11:58,714
2020-03-01 20:12:27,1549
2020-03-01 20:12:28,362
2020-03-01 20:12:55,854
2020-03-01 20:13:20,335
2020-03-01 20:13:28,263
2020-03-01 20:14:04,338
2020-03-01 20:14:10,1257
2020-03-01 20:14:23,805
2020-03-01 20:14:25,767
2020-03-01 20:14:28,298
2020-03-01 20:14:51,260
2020-03-01 20:15:15,382
2020-03-01 20:15:30,278
2020-03-01 20:15:53,220
2020-03-01 20:16:03,1810
2020-03-01 20:16:05,250
2020-03-01 20:17:11,527
2020-03-01 20:17:36,293
2020-03-01 20:18:16,790
2020-03-01 20:18:43,477
2020-03-01 20:19:46,363
2020-03-01 20:19:57,402
2020-03-01 20:21:02,614
2020-03-01 20:21:26,1375
2020-03-01 20:21:54,148
2020-03-01 20:21:56,95
2020-03-01 20:22:13,615
2020-03-01 20:22:52,1297
2020-03-01 20:23:01,343
2020-03-01 20:23:31,864
2020-03-01 20:23:51,859
2020-03-01 20:24:07,632
2020-03-01 20:24:14,376
2020-03-01 20:24:22,1983
2020-03-01 20:24:50,280
2020-03-01 20:24:50,290
2020-03-01 20:24:58,192
2020-03-01 20:25:10,375
2020-03-01 20:25:35,558
2020-03-01 20:25:36,1400
2020-03-01 20:25:50,793
2020-03-01 20:25:57,249
2020-03-01 20:26:12,791
2020-03-01 20:26:30,1921
2020-03-01 20:27:24,1048
2020-03-01 20:28:08,510
2020-03-01 20:29:30,197
2020-03-01 20:29:34,674
2020-03-01 20:29:36,403
2020-03-01 20:30:23,265
2020-03-01 20:30:34,340
2020-03-01 20:32:20,142
2020-03-01 20:32:30,216
2020-03-01 20:32:31,256
2020-03-01 20:33:55,1075
2020-03-01 20:34:47,297
2020-03-01 20:34:47,775
2020-03-01 20:35:26,979
2020-03-01 20:36:06,577
2020-03-01 20:36:30,1979
2020-03-01 20:37:10,309
2020-03-01 20:39:58,1432
2020-03-01 20:40:13,654
2020-03-01 20:41:09,136
2020-03-01 20:41:11,1651
2020-03-01 20:41:32,668
2020-03-01 20:42:01,327
2020-03-01 20:42:54,228
2020-03-01 20:43:07,221
2020-03-01 20:44:40,264
2020-03-01 20:44:42,738
2020-03-01 20:45:56,380
2020-03-01 20:46:03,1355
2020-03-01 20:49:32,525
2020-03-01 20:49:35,400
2020-03-01 20:49:39,1081
2020-03-01 20:50:45,311
2020-03-01 20:51:27,405
2020-03-01 20:52:37,911
2020-03-01 20:53:08,367
2020-03-01 20:53:13,310
2020-03-01 20:53:54,802
2020-03-01 20:54:39,376
2020-03-01 20:55:50,1491
2020-03-01 20:56:58,749
2020-03-01 20:57:23,207
2020-03-01 20:57:47,332
2020-03-01 20:59:25,331
2020-03-01 20:59:33,349
2020-03-01 21:00:01,299
2020-03-01 21:00:29,508
2020-03-01 21:01:28,627
2020-03-01 21:01:52,611
2020-03-01 21:03:20,376
2020-03-01 21:05:15,554
2020-03-01 21:05:39,472
2020-03-01 21:06:04,486
2020-03-01 21:06:10,236
2020-03-01 21:06:44,523
2020-03-01 21:07:09,114
2020-03-01 21:07:12,750
2020-03-01 21:07:15,268
2020-03-01 21:08:04,257
2020-03-01 21:10:34,268
2020-03-01 21:10:41,564
2020-03-01 21:10:46,895
2020-03-01 21:12:14,1137
2020-03-01 21:12:21,355
2020-03-01 21:12:56,1000
2020-03-01 21:13:52,550
2020-03-01 21:13:54,519
2020-03-01 21:14:29,298
2020-03-01 21:15:43,155
2020-03-01 21:16:38,341
2020-03-01 21:16:56,625
2020-03-01 21:17:14,700
2020-03-01 21:18:02,1082
2020-03-01 21:18:16,873
2020-03-01 21:18:44,337
2020-03-01 21:18:55,234
2020-03-01 21:20:33,197
2020-03-01 21:21:20,331
2020-03-01 21:21:40,1332
2020-03-01 21:21:53,1325
2020-03-01 21:22:00,321
2020-03-01 21:22:50,1363
2020-03-01 21:25:28,1380
2020-03-01 21:25:56,504
2020-03-01 21:26:20,405
2020-03-01 21:26:20,159
2020-03-01 21:26:54,463
2020-03-01 21:27:35,722
2020-03-01 21:28:27,544
2020-03-01 21:29:34,163
2020-03-01 21:30:29,124
2020-03-01 21:30:55,531
2020-03-01 21:32:26,313
2020-03-01 21:33:26,75
2020-03-01 21:33:27,428
2020-03-01 21:33:51,275
2020-03-01 21:34:32,317
2020-03-01 21:34:37,366
2020-03-01 21:35:09,636
2020-03-01 21:36:15,469
2020-03-01 21:38:16,134
2020-03-01 21:38:18,474
2020-03-01 21:38:41,865
2020-03-01 21:38:53,686
2020-03-01 21:39:24,652
2020-03-01 21:39:37,189
2020-03-01 21:39:38,747
2020-03-01 21:40:01,1197
2020-03-01 21:40:58,787
2020-03-01 21:41:41,2909
2020-03-01 21:41:48,698
2020-03-01 21:42:51,525
2020-03-01 21:43:20,213
2020-03-01 21:43:24,569
2020-03-01 21:45:16,378
2020-03-01 21:49:23,1007
2020-03-01 21:50:56,1107
2020-03-01 21:51:34,684
2020-03-01 21:52:16,345
2020-03-01 21:52:31,472
2020-03-01 21:52:40,358
2020-03-01 21:52:46,1434
2020-03-01 21:53:24,287
2020-03-01 21:53:29,667
2020-03-01 21:53:45,679
2020-03-01 21:54:38,225
2020-03-01 21:55:14,224
2020-03-01 21:56:30,766
2020-03-01 21:57:09,442
2020-03-01 21:58:09,118
2020-03-01 21:58:18,1646
2020-03-01 21:59:04,985
2020-03-01 21:59:05,602
2020-03-01 21:59:24,846
2020-03-01 22:00:50,1482
2020-03-01 22:01:48,984
2020-03-01 22:03:11,664
2020-03-01 22:03:28,376
2020-03-01 22:03:33,325
2020-03-01 22:05:18,310
2020-03-01 22:05:21,160
2020-03-01 22:05:53,284
2020-03-01 22:07:09,1229
2020-03-01 22:08:29,396
2020-03-01 22:09:59,2216
2020-03-01 22:10:00,1377
2020-03-01 22:11:11,522
2020-03-01 22:12:50,1187
2020-03-01 22:12:52,1196
2020-03-01 22:13:10,425
2020-03-01 22:13:36,321
2020-03-01 22:13:44,608
2020-03-01 22:14:09,327
2020-03-01 22:14:31,907
2020-03-01 22:15:03,283
2020-03-01 22:15:07,331
2020-03-01 22:15:40,365
2020-03-01 22:16:11,325
2020-03-01 22:16:15,323
2020-03-01 22:16:33,827
2020-03-01 22:16:37,826
2020-03-01 22:17:24,245
2020-03-01 22:18:03,508
2020-03-01 22:18:57,499
2020-03-01 22:19:40,424
2020-03-01 22:20:32,439
2020-03-01 22:21:00,160
2020-03-01 22:21:32,1504
2020-03-01 22:24:24,568
2020-03-01 22:26:21,328
2020-03-01 22:27:11,2244
2020-03-01 22:27:58,397
2020-03-01 22:28:58,173
2020-03-01 22:30:00,442
2020-03-01 22:31:02,1024
2020-03-01 22:31:35,281
2020-03-01 22:31:59,449
2020-03-01 22:32:27,357
2020-03-01 22:32:36,284
2020-03-01 22:32:48,462
2020-03-01 22:33:35,693
2020-03-01 22:35:59,425
2020-03-01 22:36:17,324
2020-03-01 22:36:51,361
2020-03-01 22:36:58,540
2020-03-01 22:37:51,299
2020-03-01 22:38:26,1915
2020-03-01 22:39:01,314
2020-03-01 22:39:16,360
2020-03-01 22:39:58,668
2020-03-01 22:41:21,1222
2020-03-01 22:43:39,522
2020-03-01 22:43:43,465
2020-03-01 22:44:07,772
2020-03-01 22:44:08,466
2020-03-01 22:45:21,347
2020-03-01 22:47:45,1111
2020-03-01 22:47:59,140
2020-03-01 22:48:24,501
2020-03-01 22:51:10,483
2020-03-01 22:53:05,562
2020-03-01 22:53:12,280
2020-03-01 22:56:43,1088
2020-03-01 22:57:21,248
2020-03-01 22:59:07,601
2020-03-01 22:59:17,360
2020-03-01 23:00:25,493
2020-03-01 23:00:27,894
2020-03-01 23:01:25,452
2020-03-01 23:02:56,157
2020-03-01 23:03:36,345
2020-03-01 23:05:24,421
2020-03-01 23:06:51,366
2020-03-01 23:07:04,479
2020-03-01 23:07:54,1702
2020-03-01 23:08:13,503
2020-03-01 23:09:27,301
2020-03-01 23:10:57,1054
2020-03-01 23:11:01,399
2020-03-01 23:17:43,1156
2020-03-01 23:19:36,1088
2020-03-01 23:21:34,185
2020-03-01 23:23:09,1000
2020-03-01 23:24:13,347
2020-03-01 23:24:59,561
2020-03-01 23:29:49,375
2020-03-01 23:31:32,400
2020-03-01 23:31:57,133
2020-03-01 23:32:07,360
2020-03-01 23:32:20,343
2020-03-01 23:34:27,329
2020-03-01 23:37:25,411
2020-03-01 23:37:46,226
2020-03-01 23:38:48,411
2020-03-01 23:39:38,1903
2020-03-01 23:43:18,1419
2020-03-01 23:44:22,575
2020-03-01 23:44:54,1404
2020-03-01 23:46:06,478
2020-03-01 23:47:30,1111
2020-03-01 23:50:07,325
2020-03-01 23:51:40,734
2020-03-01 23:52:21,282
2020-03-01 23:52:31,1213
